RCID,المشكلة المُبلَّغة,السبب الجذريّ المُثبَت,التصنيف المعتمد,الدليل القاطع,حالة الإثبات,الدليل الناقص إن لم يُثبَت,يزول بقرار تشغيل أم يحتاج بناء؟
RC-01,«تعذّر تحميل الملف» في /app/employee/me,"Phase2__Employee360Enabled غائب عن /etc/reporting-api.env وعن /opt/reporting/publish/appsettings.json (ملفّ الإعداد الوحيد)، والخاصّيّة bool بلا مُهيّئ في Phase2FeatureOptions.cs:15 ⇒ false ⇒ EmployeesController.cs:59 يردّ 404؛ و/app/employee/me لا يعرض إلّا Employee360Panel (EmployeeProfilePage.tsx:53,59,75)",DEPLOYMENT_CONFIGURATION_GAP (الأثر) + WRONG_ACCEPTANCE_CRITERIA (السبب — انظر RC-22: الإطفاء موثَّق ومقصود لا سهوًا),phase2-flags-three-environments.txt + code-evidence [1][2][6] + Ops/P3-…:459;468 + Ops/P2-…:417-420,مُثبَت,—,قرار تشغيل (إشعال العلم — خطوة كانت مؤجَّلة صراحةً إلى «المرحلة الثالثة» ولم تُنفَّذ)
RC-02,رسالة «خطأ مؤقّت. أعد المحاولة» على خطأ دائم,"Employee360Panel.tsx:432 retry:false ثمّ :444-450 رسالة موحّدة لا تفرّق بين 404 و403 وخطأ شبكة عابر — فتَعِد بنجاح مستحيل لأنّ 404 العلم دائم",UX_WORKFLOW_DEFECT,code-evidence [7],مُثبَت,—,بناء (R1)
RC-03,لا رحلة عمليّة لتصفّح ملفّات الموظّفين,"لا نقطة نهاية قائمة أصلًا: /api/employees ⇒ 404 وEmployeesController فيه 4 HttpGet كلّها {userId:guid} أو me؛ والرابط البديل محكوم بـroles: HR_EMPLOYEE فلا يراه Manager ولا TeamLeader",MISSING_IMPLEMENTATION,production-http-anonymous-probes.txt + code-evidence [3] + navConfig.ts:161-164,مُثبَت (وموثَّق ذاتيًّا في الكود),—,بناء (R2)
RC-04,Employee 360 غير مكتمل,"السطح كلّه محجوب بالعلم (RC-01)؛ ونطاقًا: 11 قسمًا منفَّذًا يغطّي 16 من 19 بندًا مطلوبًا، وبندان ناقصان (الإجراءات التي تتطلّب متابعة كقسم مستقلّ · إبلاغ المستخدم بالأقسام المحجوبة) وبند غير منفَّذ (الأدلّة والمرفقات)",DEPLOYMENT_CONFIGURATION_GAP + PARTIAL_IMPLEMENTATION,code-evidence [5] + P123-FUNCTIONAL-GAP-REGISTER.csv,مُثبَت,—,قرار تشغيل للحجب + بناء للنقص
RC-05,«أقسام تعمل ثمّ خطأ في نهاية الصفحة»,"مصدران على صفحة واحدة: الأقسام الظاهرة من /api/dashboard/employee-profile (DashboardController.cs:40-42 — بلا حارس علم) والخطأ من Employee360Panel في EmployeeProfilePage.tsx:372 (404)",PRODUCT_DEFECT (تكوين واجهة) + DEPLOYMENT_CONFIGURATION_GAP,code-evidence [6],مُثبَت,—,قرار تشغيل + بناء (R1)
RC-06,قسم «الحضور والالتزام» فارغ داخل ملفّ الموظّف حتّى بعد إشعال Employee360,"اعتماد متشعّب: Employee360Service.cs:483-489 يردّ NoData/Unavailable إذا كان AttendanceEnabled مطفأً بصرف النظر عن Employee360Enabled",DEPLOYMENT_CONFIGURATION_GAP,code-evidence [5],مُثبَت,—,قرار تشغيل (إشعال العلمين معًا)
RC-07,/app/attendance عالقة في التحميل — وصول السطح,"Phase2__AttendanceEnabled غائب ⇒ false ⇒ 17 حارس if (Disabled) return NotFound() في AttendanceController",DEPLOYMENT_CONFIGURATION_GAP,phase2-flags-three-environments.txt + code-evidence [2],مُثبَت,—,قرار تشغيل
RC-08,ظهور «الحضور والالتزام» في القائمة لمن ينكره الخادم,"navConfig.ts:166 بلا roles وبلا permissionsAny؛ والسبب البنيويّ أنّ الواجهة عمياء عن الأعلام: صفر إشارة في reporting-frontend/src ولا نقطة نهاية /api/feature-flags (404) ⇒ الاتّساق مستحيل بالبناء الحاليّ",FEATURE_FLAG_INCONSISTENCY,code-evidence [4] + production-http-anonymous-probes.txt + attendance-loading-analysis.txt [هـ],مُثبَت,—,بناء (R1 — مصدر حقيقة للأعلام)
RC-09,ديمومة هيكل التحميل بلا نهاية,"غير مُثبَت. الكود يقتضي انتقالًا إلى بطاقة خطأ خلال ≈7ث: main.tsx:10 new QueryClient() (retry:3 بتراجع 1+2+4ث) · useAttendance.ts:37-43 بلا enabled ولا retry مخصّص ولا timeout · api.ts يعترض 401 فقط · AttendancePage.tsx:547 يعرض QueryError عند isError",ROOT_CAUSE_NOT_PROVEN,attendance-loading-analysis.txt [أ][ب][ج][و],غير مُثبَت,"HAR مصادَق عليه من الإنتاج + سجلّ وحدة تحكّم لجلسة مستخدم حقيقيّ — تعذّرا بسبب BLOCKED_BY_PRODUCTION_SAFETY (تسجيل الدخول يكتب صفوف تدقيق)","لا ينطبق — حكم الرحلة FAIL قائم بلا هذا الدليل لأنّ خلوّ القاعدة (0 واقعة) كان يجب أن يُنتِج «لا توجد وقائع»"
RC-10,«لا توجد وقائع» لا تظهر رغم خلوّ القاعدة,"الحالة الفارغة مبنيّة فعلًا (AttendancePage.tsx:550-552) لكنّها لا تُبلَغ لأنّ النداء لا ينجح أبدًا (404)",DEPLOYMENT_CONFIGURATION_GAP,attendance-loading-analysis.txt [ج] + production-database-readonly.txt,مُثبَت,—,قرار تشغيل
RC-11,نموذج البلاغ يطلب «معرّف الموظّف»,"AttendancePage.tsx:101-108 حقل Input نصّ حرّ بلا بحث ولا قائمة ولا تحقّق، بينما /api/directory/users قائم (401) والحقل المجاور :111 يستعمل Select",UX_WORKFLOW_DEFECT (خالص — وليس ثغرة صلاحيّة),"attendance-loading-analysis.txt [د] + production-http-anonymous-probes.txt + **AttendanceService.cs:157-199**: التحقّق الخادميّ للنطاق **قائم وسليم فعلًا** (:162 سياق رؤية على SubjectUserId · :166-167 رفض البلاغ على النفس بـ403 بتعليل موثَّق · :170-171 CanReport يردّ 404 موحَّدًا لخارج النطاق وللمعدوم · :174-180 مفتاح تكرار يمنع الازدواج)",مُثبَت,—,"بناء (R4) — **واجهة خالصة**؛ الخادم لا يُمسّ. أُسقِط بند «بناء تحقّق خادميّ» من الخطّة بعد القياس"
RC-12,KPI لا يفتح على الربع الجاري,"دمج Reporting Window مع Evaluation Cadence: KpiPage.tsx:125 useState('') يُملأ من WeeklyCycleCalendarPicker :254-258 بالدورة الأسبوعيّة؛ وEmployee360Service.cs:127-134 يسقط افتراضيًّا إلى LastCompletedWeek()",REQUIREMENT_MISINTERPRETATION,code-evidence + KpiPage.tsx:125;254-258,مُثبَت,—,بناء (R5)
RC-13,النظام لا يقرأ تواتر تقييم الموظّف من إعداداته,"التواتر مُثبَّت في الكود على WeeklyPulse في KpiPage.tsx:122,146 — لا قراءة من أيّ إعداد موظّف. وسابقة قائمة في النظام لكن في مجال التقارير لا KPI: ReportCadencePolicy.ExpectedCadence(jobRoleCode) وReportTemplate.DefaultPeriodType=Weekly — أي أنّ التواتر مشتقّ من المسمّى الوظيفيّ لا من إعداد الموظّف الفرديّ، وKPI لا يستدعي هذه السابقة إطلاقًا",MISSING_IMPLEMENTATION,KpiPage.tsx:122;146 + ReportCadencePolicy.cs:10;16 + ReportTemplate.cs:12 (كلّها مثبَّتة على 897c9b18),مُثبَت,—,بناء (R5) — بإعادة استعمال السابقة لا باختراع آليّة · ومستوى التواتر (مسمّى وظيفيّ أم موظّف فرديّ) بند في DEC-01
RC-14,الربع غير موجود بوصفه مفهومًا مخزَّنًا,"جدول kpi_evaluations لا يحوي عمودَي Year ولا Quarter؛ الربع مشتقّ في طبقة التطبيق من PeriodKey. و77 تقييمًا على الإنتاج كلّها Weekly (صفر شهريّ وصفر ربعيّ)",MISSING_IMPLEMENTATION,production-database-readonly.txt,مُثبَت,—,بناء (R5) — إدخال مفهوم لا تغيير قيمة افتراضيّة
RC-15,التصدير الماليّ غير مجمَّع,"العقد نفسه خام: KpiFinanceExportRowDto مفتاحه EvaluationId (KpiModels.cs:286-312)؛ وGetFinanceExportAsync:780-919 يُسقِط بـSelect بلا GroupBy (:892-915) ولا يستدعي GetAggregateAsync (:656-776) إطلاقًا",PARTIAL_IMPLEMENTATION,finance-export-gap-measurement.txt + KpiModels.cs + KpiEvaluationService.cs,مُثبَت — 44 صفًّا مقابل 14 مستهدَفًا على بيانات Q3-2026 الحيّة,—,بناء (R6)
RC-16,معيار قبول التصدير الماليّ كان خاطئًا,KpiFinanceExportTests.cs ترسّخ الشكل الخامّ بوصفه صحيحًا ⇒ الحزمة الخضراء تحرس المخرَج الخاطئ,WRONG_ACCEPTANCE_CRITERIA,مراجعة اختبارات التصدير,مُثبَت,—,بناء (R6 + R7)
RC-17,لا معادلة معتمدة لتجميع الأداء الربعيّ,"لا معادلة موثَّقة في أيّ مصدر. والقياس يثبت أنّ الخيار ذو أثر ماليّ: أعلى تغطية 6 أسابيع من 9، وتوزيع الأسابيع المعتمدة 0→7 موظّفين، 1→3، 2→4، 3→3، 6→4 — ولا موظّف واحد بتغطية كاملة",PRODUCT_DECISION_REQUIRED,finance-export-gap-measurement.txt,مُثبَت أنّ القرار مطلوب,—,قرار مالك المنتج قبل أيّ بناء
RC-18,نموذج الصلاحيّات مُفرَّغ على الإنتاج,"AspNetUserClaims(perm)=0 وAspNetRoleClaims(perm)=0 — آليّة RequireClaim منشورة وفعّالة لكن لا منح لأحد. **وهذا أيضًا مؤجَّل موثَّق لا سهو:** Ops/P2-…:419 يدرج «إسناد المفاتيح الثمانية إلى أدوار مخزَّنة فعليّة (قرار حوكمة + سكربت منح مُراجَع)» أوّلَ بند تحت «مؤجَّل إلى المرحلة الثالثة حصرًا»",PERMISSION_MODEL_GAP + PRODUCT_DECISION_REQUIRED,production-database-readonly.txt + Ops/P2-…-20260825.md:419,مُثبَت,—,قرار مالك المنتج (يقترن بإشعال الأعلام إلزامًا) — DEC-02
RC-19,الاستشهاد بتقرير UAT بوصفه دليلًا على الإنتاج,"UAT اعتُمِد على TEST حيث الأعلام الأربعة =true بينما الإنتاج مطفأ ⇒ الرحلات غير قابلة لإعادة الإنتاج بنيويًّا",WRONG_ACCEPTANCE_CRITERIA,phase2-flags-three-environments.txt,مُثبَت,—,بناء عمليّة (R7 — UAT على بيئة مطابقة)
RC-20,غياب مصدر متطلّبات متتبَّع,"**مُصحَّح — الحكم السابق كان خاطئًا بسبب نطاق بحث ضيّق.** المصدر **موجود فعلًا** لكن في Ops/ لا في Docs/: Ops/P2-EMPLOYEE360-HR-OPERATIONS-IMPLEMENTATION-REPORT-20260825.md (§19 وما قبله) وOps/P3-NAVIGATION-FINAL-LOCAL-RELEASE-READINESS-REPORT-20260825.md (§11). **تصحيح ثانٍ (27 أغسطس):** حتّى المعرّفات تُحَلّ فعلًا — P2-EMP-002 بند مرقَّم في طابور تنفيذ من أحد عشر بندًا (Ops/P2-…:30-40) وله مواصفة كاملة (§4 :79-106)، و§9 يُحَلّ إلى :105. ⇒ **لا فجوة تتبّع بالمعنى الحرفيّ إطلاقًا.** الفجوة المتبقّية الوحيدة **نوعيّة لا وجوديّة**: الطابور سجلّ **إتمام تنفيذ** لا سجلّ **نتائج تجاريّة**؛ معياره «السطح مبنيّ ومختبَر» فأعلن 11/11 COMPLETED، بينما القبول التجاريّ FAIL — وهو بالضبط ما يقيسه RC-22",WRONG_ACCEPTANCE_CRITERIA,"Ops/P2-…-20260825.md:30-40;79-106;315;420 + Ops/P3-…-20260825.md:459-468;711-714 (مثبَّتة على 897c9b18)",مُثبَت — بعد تصحيحَين,—,"قرار توثيقيّ (R7) — ربط الطابور بنتائج تجاريّة قابلة للقياس؛ والمصدر والمعرّفات قائمان فلا يُنشأ شيء من الصفر"
RC-22,"«الميزات منشورة إذن هي متاحة» — فجوة التوقّع لا فجوة التنفيذ","**السبب الجذريّ الأعمق للمشكلات الأربع الأولى.** إطفاء أعلام Phase2 على الإنتاج **ليس سهوًا في النشر**: هو قرار تصميم موثَّق ومقصود. Ops/P3-…:459 ينصّ حرفيًّا «لا يوجد قسم Phase2 في appsettings.json ⇒ الافتراضيّ لكلّ منها false (مطفأ) في كلّ بيئة ما لم يُضبَط صراحةً»، و:468 «تفعيلها في هذه الدورة كان داخل مصنع الاختبار المعزول حصرًا ولم يُفعَّل أيّ علم في أيّ بيئة مشتركة». وOps/P2-…:417-420 يدرج تحت عنوان «مؤجَّل إلى المرحلة الثالثة حصرًا»: (1) إسناد المفاتيح الثمانية إلى أدوار مخزَّنة فعليّة — قرار حوكمة + سكربت منح مُراجَع · (2) رفع أعلام Phase2:* على أيّ بيئة وما يستلزمه من تخطيط نشر ونسخ احتياطيّ. ⇒ **الميزات شُحِنت مُظلمة عمدًا (dark launch)، وخطوة الإشعال كانت مؤجَّلة صراحةً وبتصريح مستقلّ — ولم تُنفَّذ قطّ**، بينما بُني التوقّع التجاريّ على أنّها متاحة",WRONG_ACCEPTANCE_CRITERIA + DEPLOYMENT_CONFIGURATION_GAP,"Ops/P3-…-20260825.md:459;463-466;468 + Ops/P2-…-20260825.md:106;315;417-420 + phase2-flags-three-environments.txt",مُثبَت,—,"قرار تشغيل (D0+E0) — والكود ليس معيبًا في هذا الوجه؛ المعيب هو معيار القبول الذي عدّ «منشور» مرادفًا لـ«متاح»"
RC-21,الجذر المشترك لأربع مشكلات,"لا مصدر حقيقة واحد يحكم ثلاثيّة الإعداد ← الصلاحيّة ← ما يراه المستخدم: المفاتيح في الخادم فقط، والقائمة تُبنى بثلاث آليّات مستقلّة (alwaysVisible / roles / permissionsAny) لا يعرف أيّ منها بوجود المفاتيح",FEATURE_FLAG_INCONSISTENCY,navConfig.ts:150-178 + code-evidence [4],مُثبَت,—,بناء (R1)
