Layer,ScenarioId,Actor,Action,Expected,Observed,Result,Note
API,UAT-P123R-SEC-NO-IMPLICIT-PERM,ALL-13,تصفير شامل ثمّ قراءة perm للثلاثة عشر,قائمة فارغة للجميع بمن فيهم Admin,200,PASS,leaks={}
API,UAT-P123R-PERM-GRANT-PATH,adm,منح أربعة مفاتيح لـhr عبر مسار المنتَج,200 والمفاتيح مُعادة,200,PASS,
API,UAT-P123R-PERM-READ-BACK,adm,قراءة المفاتيح بعد المنح,200 ونفس المفاتيح,200,PASS,
API,UAT-P123R-PERM-IN-JWT,hr,المفاتيح في /auth/me بعد تجديد الرمز,الأربعة نفسها,200,PASS,"perms=['Attendance.Escalate', 'Attendance.Review', 'HrOperations.Export', 'HrOperations.View']"
API,UAT-P123R-PERM-SELF-GRANT-DENIED,outsider,محاولة منح النفس كلّ المفاتيح,403,403,PASS,
API,UAT-P123R-PERM-NO-DELEGATION,hr,حامل المفاتيح يفوّضها لغيره,403 — لا تفويض متعدٍّ,403,PASS,
API,UAT-P123R-PERM-DENY-CONTROL,outsider,شاهد سالب: outsider بلا أيّ مفتاح,قائمة فارغة,200,PASS,
API,UAT-P2-PERM-ALLOW-API-HR-OPERATIONS-DASHBOARD,hr(+key),GET /hr-operations/dashboard,200 لحامل المفتاح,200,PASS,
API,UAT-P2-PERM-ALLOW-API-HR-OPERATIONS-DASHBOARD-DENY,outsider,GET /hr-operations/dashboard بلا مفتاح,403,403,PASS,
API,UAT-P2-PERM-ALLOW-API-HR-OPERATIONS-QUEUES-ATTENDANCE,hr(+key),GET /hr-operations/queues/attendance-awaiting-hr,200 لحامل المفتاح,200,PASS,
API,UAT-P2-PERM-ALLOW-API-HR-OPERATIONS-QUEUES-ATTENDANCE-DENY,outsider,GET /hr-operations/queues/attendance-awaiting-hr بلا مفتاح,403,403,PASS,
API,UAT-P2-PERM-ALLOW-API-HR-OPERATIONS-QUEUES-REPORTS,hr(+key),GET /hr-operations/queues/reports-missing/export,200 لحامل المفتاح,200,PASS,
API,UAT-P2-PERM-ALLOW-API-HR-OPERATIONS-QUEUES-REPORTS-DENY,outsider,GET /hr-operations/queues/reports-missing/export بلا مفتاح,403,403,PASS,
API,UAT-P2-PERM-ALLOW-API-OBLIGATIONS,hr(+key),GET /obligations,200 لحامل المفتاح,200,PASS,
API,UAT-P2-PERM-ALLOW-API-OBLIGATIONS-DENY,outsider,GET /obligations بلا مفتاح,403,403,PASS,
API,UAT-P123R-ATT-DRAFT-CREATED,leadA1,إنشاء مسودّة بلاغ على عضو الفريق,200/201 والحالة Draft,200,PASS,يوم الواقعة=2026-08-25
API,UAT-P123R-ATT-DUP-OPEN-GUARD,leadA1,بلاغ ثانٍ بنفس النوع والموظّف واليوم,409 برسالة عربيّة — لا ازدواج بلاغات مفتوحة,409,PASS,
API,UAT-P2-ATT-L1-DRAFT-HIDDEN,empFull,الموظّف موضوع البلاغ يقرأ المسودّة قبل إرسالها,404 — لا تُعرَض حالة سابقة للإرسال,404,PASS,DEF-P123-003
API,UAT-P123R-ATT-DRAFT-VISIBLE-TO-REPORTER,leadA1,المُبلِّغ يقرأ مسودّته,200 — الحجب على الموضوع لا على صاحب البلاغ,200,PASS,
API,UAT-P123R-ATT-DRAFT-DENIED-OUTSIDER,outsider,غريب عن النطاق يقرأ المسودّة,404 — لا 403 (لا يُفشى الوجود),404,PASS,
API,UAT-P123R-ATT-SUBMIT,leadA1,إرسال المسودّة,200 والحالة تغادر Draft,200,PASS,
API,UAT-P123R-ATT-VISIBLE-AFTER-SUBMIT,empFull,الموظّف يقرأ الواقعة بعد الإرسال,200 — الحجب مرتبط بالحالة لا بالشخص,200,PASS,برهان أنّ الإصلاح لم يكسر الرؤية المشروعة
API,UAT-P123R-ATT-ACK,empFull,إقرار الموظّف بالواقعة,200,200,PASS,
API,UAT-P123R-ATT-HR-CAN-SEE,hr(+key),حامل مفتاح المراجعة يرى الواقعة,200,200,PASS,
API,UAT-P2-ATT-RECONCILE-SUGGEST,hr(+key),قراءة اقتراحات المصالحة مع الإجازات,200 وقائمة اقتراحات (اقتراح لا منع),200,PASS,
API,UAT-P2-ATT-RECONCILE-SUGGEST-DENY,outsider,نفس النداء بلا مفتاح,404/403,404,PASS,
API,UAT-P2-ATT-HR-HR-REVIEW,hr(+key),قرار HR بالتأكيد (Confirm),200 وانتقال حالة مسجَّل,200,PASS,
API,UAT-P2-ATT-HR-HR-REVIEW-DENY,outsider,نفس القرار بلا مفتاح,403/404,404,PASS,
API,UAT-P2-ATT-HR-ESCALATE,hr(+key),تصعيد الواقعة إلى الحوكمة,200,200,PASS,
API,UAT-P2-ATT-HR-CLOSE,hr(+key),إغلاق الواقعة,200,200,PASS,
API,UAT-P123R-ATT-AUDIT-TRAIL,hr(+key),أثر التدقيق للسلسلة كاملة,200 وسلسلة أحداث غير فارغة,200,PASS,events=8
API,UAT-P123R-DIR-DEPT-CREATE,adm,إنشاء إدارة جديدة باسم فريد,200/201,200,PASS,
API,UAT-P1-DIR-DEPT-DUP-NAME,adm,إنشاء إدارة بنفس الاسم العربيّ ورمز مختلف,409 برسالة تفرّد عربيّة,409,PASS,DEF-P123-001
API,UAT-P1-DIR-DEPT-DUP-CODE,adm,إنشاء إدارة برمز مكرّر واسم مختلف,409 برسالة عربيّة — لا 500,409,PASS,DEF-P123-002
API,UAT-P123R-DIR-TEAM-CREATE,adm,إنشاء فريق جديد داخل الإدارة,200/201,200,PASS,
API,UAT-P1-DIR-TEAM-DUP-NAME,adm,إنشاء فريق بنفس الاسم داخل الإدارة نفسها,409 برسالة عربيّة,409,PASS,DEF-P123-001
API,UAT-P123R-DIR-TEAM-SAME-NAME-OTHER-DEPT,adm,نفس اسم الفريق تحت إدارة أخرى,200/201 — التفرّد مقيَّد بالإدارة لا عالميّ,200,PASS,برهان أنّ القيد لم يُشدَّد فوق ما تقتضيه القاعدة
UI,UAT-P3-NAV-NO-HORIZONTAL-OVERFLOW,adm,تحميل /app عند 390px,scrollWidth<=clientWidth وصفحة غير فارغة,sw=390 cw=390 textLen=3565,PASS,
UI,UAT-P3-NAV-NO-HORIZONTAL-OVERFLOW,adm,تحميل /app عند 768px,scrollWidth<=clientWidth وصفحة غير فارغة,sw=768 cw=768 textLen=3565,PASS,
UI,UAT-P3-NAV-NO-HORIZONTAL-OVERFLOW,adm,تحميل /app عند 1440px,scrollWidth<=clientWidth وصفحة غير فارغة,sw=1440 cw=1440 textLen=3565,PASS,
UI,UAT-P3-NAV-NO-HORIZONTAL-OVERFLOW,adm,تحميل /app/employee/me عند 390px,scrollWidth<=clientWidth وصفحة غير فارغة,sw=390 cw=390 textLen=3575,PASS,
UI,UAT-P3-NAV-NO-HORIZONTAL-OVERFLOW,adm,تحميل /app/employee/me عند 768px,scrollWidth<=clientWidth وصفحة غير فارغة,sw=768 cw=768 textLen=3575,PASS,
UI,UAT-P3-NAV-NO-HORIZONTAL-OVERFLOW,adm,تحميل /app/employee/me عند 1440px,scrollWidth<=clientWidth وصفحة غير فارغة,sw=1440 cw=1440 textLen=3575,PASS,
UI,UAT-P3-NAV-NO-HORIZONTAL-OVERFLOW,adm,تحميل /app/my-reports عند 390px,scrollWidth<=clientWidth وصفحة غير فارغة,sw=390 cw=390 textLen=2663,PASS,
UI,UAT-P3-NAV-NO-HORIZONTAL-OVERFLOW,adm,تحميل /app/my-reports عند 768px,scrollWidth<=clientWidth وصفحة غير فارغة,sw=768 cw=768 textLen=2663,PASS,
UI,UAT-P3-NAV-NO-HORIZONTAL-OVERFLOW,adm,تحميل /app/my-reports عند 1440px,scrollWidth<=clientWidth وصفحة غير فارغة,sw=1440 cw=1440 textLen=2663,PASS,
UI,UAT-P3-NAV-NO-HORIZONTAL-OVERFLOW,adm,تحميل /app/performance عند 390px,scrollWidth<=clientWidth وصفحة غير فارغة,sw=390 cw=390 textLen=2336,PASS,
UI,UAT-P3-NAV-NO-HORIZONTAL-OVERFLOW,adm,تحميل /app/performance عند 768px,scrollWidth<=clientWidth وصفحة غير فارغة,sw=768 cw=768 textLen=2336,PASS,
UI,UAT-P3-NAV-NO-HORIZONTAL-OVERFLOW,adm,تحميل /app/performance عند 1440px,scrollWidth<=clientWidth وصفحة غير فارغة,sw=1440 cw=1440 textLen=2336,PASS,
UI,UAT-P3-NAV-NO-HORIZONTAL-OVERFLOW,adm,تحميل /app/governance عند 390px,scrollWidth<=clientWidth وصفحة غير فارغة,sw=390 cw=390 textLen=603,PASS,
UI,UAT-P3-NAV-NO-HORIZONTAL-OVERFLOW,adm,تحميل /app/governance عند 768px,scrollWidth<=clientWidth وصفحة غير فارغة,sw=768 cw=768 textLen=603,PASS,
UI,UAT-P3-NAV-NO-HORIZONTAL-OVERFLOW,adm,تحميل /app/governance عند 1440px,scrollWidth<=clientWidth وصفحة غير فارغة,sw=1440 cw=1440 textLen=603,PASS,
UI,UAT-P3-NAV-NO-HORIZONTAL-OVERFLOW,adm,تحميل /app/clients عند 390px,scrollWidth<=clientWidth وصفحة غير فارغة,sw=390 cw=390 textLen=1380,PASS,
UI,UAT-P3-NAV-NO-HORIZONTAL-OVERFLOW,adm,تحميل /app/clients عند 768px,scrollWidth<=clientWidth وصفحة غير فارغة,sw=768 cw=768 textLen=1380,PASS,
UI,UAT-P3-NAV-NO-HORIZONTAL-OVERFLOW,adm,تحميل /app/clients عند 1440px,scrollWidth<=clientWidth وصفحة غير فارغة,sw=1440 cw=1440 textLen=1380,PASS,
UI,UAT-P3-NAV-NO-HORIZONTAL-OVERFLOW,adm,تحميل /app/users عند 390px,scrollWidth<=clientWidth وصفحة غير فارغة,sw=390 cw=390 textLen=10427,PASS,
UI,UAT-P3-NAV-NO-HORIZONTAL-OVERFLOW,adm,تحميل /app/users عند 768px,scrollWidth<=clientWidth وصفحة غير فارغة,sw=768 cw=768 textLen=10427,PASS,
UI,UAT-P3-NAV-NO-HORIZONTAL-OVERFLOW,adm,تحميل /app/users عند 1440px,scrollWidth<=clientWidth وصفحة غير فارغة,sw=1440 cw=1440 textLen=10427,PASS,
UI,UAT-P3-NAV-NO-HORIZONTAL-OVERFLOW,adm,تحميل /app/teams عند 390px,scrollWidth<=clientWidth وصفحة غير فارغة,sw=390 cw=390 textLen=5485,PASS,
UI,UAT-P3-NAV-NO-HORIZONTAL-OVERFLOW,adm,تحميل /app/teams عند 768px,scrollWidth<=clientWidth وصفحة غير فارغة,sw=768 cw=768 textLen=5485,PASS,
UI,UAT-P3-NAV-NO-HORIZONTAL-OVERFLOW,adm,تحميل /app/teams عند 1440px,scrollWidth<=clientWidth وصفحة غير فارغة,sw=1440 cw=1440 textLen=5485,PASS,
UI,UAT-P3-NAV-NO-HORIZONTAL-OVERFLOW,adm,تحميل /app/submissions عند 390px,scrollWidth<=clientWidth وصفحة غير فارغة,sw=390 cw=390 textLen=4785,PASS,
UI,UAT-P3-NAV-NO-HORIZONTAL-OVERFLOW,adm,تحميل /app/submissions عند 768px,scrollWidth<=clientWidth وصفحة غير فارغة,sw=768 cw=768 textLen=4785,PASS,
UI,UAT-P3-NAV-NO-HORIZONTAL-OVERFLOW,adm,تحميل /app/submissions عند 1440px,scrollWidth<=clientWidth وصفحة غير فارغة,sw=1440 cw=1440 textLen=4785,PASS,
UI,UAT-P3-NAV-NO-HORIZONTAL-OVERFLOW,adm,تحميل /app/kpi عند 390px,scrollWidth<=clientWidth وصفحة غير فارغة,sw=390 cw=390 textLen=2336,PASS,
UI,UAT-P3-NAV-NO-HORIZONTAL-OVERFLOW,adm,تحميل /app/kpi عند 768px,scrollWidth<=clientWidth وصفحة غير فارغة,sw=768 cw=768 textLen=2336,PASS,
UI,UAT-P3-NAV-NO-HORIZONTAL-OVERFLOW,adm,تحميل /app/kpi عند 1440px,scrollWidth<=clientWidth وصفحة غير فارغة,sw=1440 cw=1440 textLen=2336,PASS,
UI,UAT-P3-NAV-NO-HORIZONTAL-OVERFLOW,adm,تحميل /app/report-templates عند 390px,scrollWidth<=clientWidth وصفحة غير فارغة,sw=390 cw=390 textLen=3812,PASS,
UI,UAT-P3-NAV-NO-HORIZONTAL-OVERFLOW,adm,تحميل /app/report-templates عند 768px,scrollWidth<=clientWidth وصفحة غير فارغة,sw=768 cw=768 textLen=3812,PASS,
UI,UAT-P3-NAV-NO-HORIZONTAL-OVERFLOW,adm,تحميل /app/report-templates عند 1440px,scrollWidth<=clientWidth وصفحة غير فارغة,sw=1440 cw=1440 textLen=3812,PASS,
UI,UAT-P3-NAV-NO-HORIZONTAL-OVERFLOW,adm,تحميل /app/kpi-templates عند 390px,scrollWidth<=clientWidth وصفحة غير فارغة,sw=390 cw=390 textLen=1345,PASS,
UI,UAT-P3-NAV-NO-HORIZONTAL-OVERFLOW,adm,تحميل /app/kpi-templates عند 768px,scrollWidth<=clientWidth وصفحة غير فارغة,sw=768 cw=768 textLen=1345,PASS,
UI,UAT-P3-NAV-NO-HORIZONTAL-OVERFLOW,adm,تحميل /app/kpi-templates عند 1440px,scrollWidth<=clientWidth وصفحة غير فارغة,sw=1440 cw=1440 textLen=1345,PASS,
UI,UAT-P3-NAV-NO-HORIZONTAL-OVERFLOW,adm,تحميل /app/workflows عند 390px,scrollWidth<=clientWidth وصفحة غير فارغة,sw=390 cw=390 textLen=4989,PASS,
UI,UAT-P3-NAV-NO-HORIZONTAL-OVERFLOW,adm,تحميل /app/workflows عند 768px,scrollWidth<=clientWidth وصفحة غير فارغة,sw=768 cw=768 textLen=4989,PASS,
UI,UAT-P3-NAV-NO-HORIZONTAL-OVERFLOW,adm,تحميل /app/workflows عند 1440px,scrollWidth<=clientWidth وصفحة غير فارغة,sw=1440 cw=1440 textLen=4989,PASS,
UI,UAT-P3-NAV-NO-HORIZONTAL-OVERFLOW,adm,تحميل /app/analytics عند 390px,scrollWidth<=clientWidth وصفحة غير فارغة,sw=390 cw=390 textLen=1671,PASS,
UI,UAT-P3-NAV-NO-HORIZONTAL-OVERFLOW,adm,تحميل /app/analytics عند 768px,scrollWidth<=clientWidth وصفحة غير فارغة,sw=768 cw=768 textLen=1671,PASS,
UI,UAT-P3-NAV-NO-HORIZONTAL-OVERFLOW,adm,تحميل /app/analytics عند 1440px,scrollWidth<=clientWidth وصفحة غير فارغة,sw=1440 cw=1440 textLen=1671,PASS,
UI,UAT-P3-NAV-NO-HORIZONTAL-OVERFLOW,adm,تحميل /app/compliance عند 390px,scrollWidth<=clientWidth وصفحة غير فارغة,sw=390 cw=390 textLen=2350,PASS,
UI,UAT-P3-NAV-NO-HORIZONTAL-OVERFLOW,adm,تحميل /app/compliance عند 768px,scrollWidth<=clientWidth وصفحة غير فارغة,sw=768 cw=768 textLen=2350,PASS,
UI,UAT-P3-NAV-NO-HORIZONTAL-OVERFLOW,adm,تحميل /app/compliance عند 1440px,scrollWidth<=clientWidth وصفحة غير فارغة,sw=1440 cw=1440 textLen=2350,PASS,
UI,UAT-P3-NAV-NO-HORIZONTAL-OVERFLOW,exec,تحميل /app عند 390px,scrollWidth<=clientWidth وصفحة غير فارغة,sw=390 cw=390 textLen=1695,PASS,
UI,UAT-P3-NAV-NO-HORIZONTAL-OVERFLOW,exec,تحميل /app عند 768px,scrollWidth<=clientWidth وصفحة غير فارغة,sw=768 cw=768 textLen=1695,PASS,
UI,UAT-P3-NAV-NO-HORIZONTAL-OVERFLOW,exec,تحميل /app عند 1440px,scrollWidth<=clientWidth وصفحة غير فارغة,sw=1440 cw=1440 textLen=1695,PASS,
UI,UAT-P3-NAV-NO-HORIZONTAL-OVERFLOW,exec,تحميل /app/employee/me عند 390px,scrollWidth<=clientWidth وصفحة غير فارغة,sw=390 cw=390 textLen=3596,PASS,
UI,UAT-P3-NAV-NO-HORIZONTAL-OVERFLOW,exec,تحميل /app/employee/me عند 768px,scrollWidth<=clientWidth وصفحة غير فارغة,sw=768 cw=768 textLen=3596,PASS,
UI,UAT-P3-NAV-NO-HORIZONTAL-OVERFLOW,exec,تحميل /app/employee/me عند 1440px,scrollWidth<=clientWidth وصفحة غير فارغة,sw=1440 cw=1440 textLen=3596,PASS,
UI,UAT-P3-NAV-NO-HORIZONTAL-OVERFLOW,exec,تحميل /app/my-reports عند 390px,scrollWidth<=clientWidth وصفحة غير فارغة,sw=390 cw=390 textLen=2673,PASS,
UI,UAT-P3-NAV-NO-HORIZONTAL-OVERFLOW,exec,تحميل /app/my-reports عند 768px,scrollWidth<=clientWidth وصفحة غير فارغة,sw=768 cw=768 textLen=2673,PASS,
UI,UAT-P3-NAV-NO-HORIZONTAL-OVERFLOW,exec,تحميل /app/my-reports عند 1440px,scrollWidth<=clientWidth وصفحة غير فارغة,sw=1440 cw=1440 textLen=2673,PASS,
UI,UAT-P3-NAV-NO-HORIZONTAL-OVERFLOW,exec,تحميل /app/performance عند 390px,scrollWidth<=clientWidth وصفحة غير فارغة,sw=390 cw=390 textLen=2344,PASS,
UI,UAT-P3-NAV-NO-HORIZONTAL-OVERFLOW,exec,تحميل /app/performance عند 768px,scrollWidth<=clientWidth وصفحة غير فارغة,sw=768 cw=768 textLen=2344,PASS,
UI,UAT-P3-NAV-NO-HORIZONTAL-OVERFLOW,exec,تحميل /app/performance عند 1440px,scrollWidth<=clientWidth وصفحة غير فارغة,sw=1440 cw=1440 textLen=2344,PASS,
UI,UAT-P3-NAV-NO-HORIZONTAL-OVERFLOW,exec,تحميل /app/governance عند 390px,scrollWidth<=clientWidth وصفحة غير فارغة,sw=390 cw=390 textLen=611,PASS,
UI,UAT-P3-NAV-NO-HORIZONTAL-OVERFLOW,exec,تحميل /app/governance عند 768px,scrollWidth<=clientWidth وصفحة غير فارغة,sw=768 cw=768 textLen=611,PASS,
UI,UAT-P3-NAV-NO-HORIZONTAL-OVERFLOW,exec,تحميل /app/governance عند 1440px,scrollWidth<=clientWidth وصفحة غير فارغة,sw=1440 cw=1440 textLen=611,PASS,
UI,UAT-P3-NAV-NO-HORIZONTAL-OVERFLOW,exec,تحميل /app/clients عند 390px,scrollWidth<=clientWidth وصفحة غير فارغة,sw=390 cw=390 textLen=1388,PASS,
UI,UAT-P3-NAV-NO-HORIZONTAL-OVERFLOW,exec,تحميل /app/clients عند 768px,scrollWidth<=clientWidth وصفحة غير فارغة,sw=768 cw=768 textLen=1388,PASS,
UI,UAT-P3-NAV-NO-HORIZONTAL-OVERFLOW,exec,تحميل /app/clients عند 1440px,scrollWidth<=clientWidth وصفحة غير فارغة,sw=1440 cw=1440 textLen=1388,PASS,
UI,UAT-P3-NAV-NO-HORIZONTAL-OVERFLOW,exec,تحميل /app/job-roles عند 390px,scrollWidth<=clientWidth وصفحة غير فارغة,sw=390 cw=390 textLen=3367,PASS,
UI,UAT-P3-NAV-NO-HORIZONTAL-OVERFLOW,exec,تحميل /app/job-roles عند 768px,scrollWidth<=clientWidth وصفحة غير فارغة,sw=768 cw=768 textLen=3367,PASS,
UI,UAT-P3-NAV-NO-HORIZONTAL-OVERFLOW,exec,تحميل /app/job-roles عند 1440px,scrollWidth<=clientWidth وصفحة غير فارغة,sw=1440 cw=1440 textLen=3367,PASS,
UI,UAT-P3-NAV-NO-HORIZONTAL-OVERFLOW,exec,تحميل /app/reports عند 390px,scrollWidth<=clientWidth وصفحة غير فارغة,sw=390 cw=390 textLen=1818,PASS,
UI,UAT-P3-NAV-NO-HORIZONTAL-OVERFLOW,exec,تحميل /app/reports عند 768px,scrollWidth<=clientWidth وصفحة غير فارغة,sw=768 cw=768 textLen=1818,PASS,
UI,UAT-P3-NAV-NO-HORIZONTAL-OVERFLOW,exec,تحميل /app/reports عند 1440px,scrollWidth<=clientWidth وصفحة غير فارغة,sw=1440 cw=1440 textLen=1818,PASS,
UI,UAT-P3-NAV-NO-HORIZONTAL-OVERFLOW,exec,تحميل /app/compliance عند 390px,scrollWidth<=clientWidth وصفحة غير فارغة,sw=390 cw=390 textLen=2358,PASS,
UI,UAT-P3-NAV-NO-HORIZONTAL-OVERFLOW,exec,تحميل /app/compliance عند 768px,scrollWidth<=clientWidth وصفحة غير فارغة,sw=768 cw=768 textLen=2358,PASS,
UI,UAT-P3-NAV-NO-HORIZONTAL-OVERFLOW,exec,تحميل /app/compliance عند 1440px,scrollWidth<=clientWidth وصفحة غير فارغة,sw=1440 cw=1440 textLen=2358,PASS,
UI,UAT-P3-NAV-NO-HORIZONTAL-OVERFLOW,exec,تحميل /app/workflows عند 390px,scrollWidth<=clientWidth وصفحة غير فارغة,sw=390 cw=390 textLen=4997,PASS,
UI,UAT-P3-NAV-NO-HORIZONTAL-OVERFLOW,exec,تحميل /app/workflows عند 768px,scrollWidth<=clientWidth وصفحة غير فارغة,sw=768 cw=768 textLen=4997,PASS,
UI,UAT-P3-NAV-NO-HORIZONTAL-OVERFLOW,exec,تحميل /app/workflows عند 1440px,scrollWidth<=clientWidth وصفحة غير فارغة,sw=1440 cw=1440 textLen=4997,PASS,
UI,UAT-P3-NAV-NO-HORIZONTAL-OVERFLOW,exec,تحميل /app/development عند 390px,scrollWidth<=clientWidth وصفحة غير فارغة,sw=390 cw=390 textLen=2126,PASS,
UI,UAT-P3-NAV-NO-HORIZONTAL-OVERFLOW,exec,تحميل /app/development عند 768px,scrollWidth<=clientWidth وصفحة غير فارغة,sw=768 cw=768 textLen=2126,PASS,
UI,UAT-P3-NAV-NO-HORIZONTAL-OVERFLOW,exec,تحميل /app/development عند 1440px,scrollWidth<=clientWidth وصفحة غير فارغة,sw=1440 cw=1440 textLen=2126,PASS,
UI,UAT-P3-NAV-NO-HORIZONTAL-OVERFLOW,exec,تحميل /app/submissions عند 390px,scrollWidth<=clientWidth وصفحة غير فارغة,sw=390 cw=390 textLen=4793,PASS,
UI,UAT-P3-NAV-NO-HORIZONTAL-OVERFLOW,exec,تحميل /app/submissions عند 768px,scrollWidth<=clientWidth وصفحة غير فارغة,sw=768 cw=768 textLen=4793,PASS,
UI,UAT-P3-NAV-NO-HORIZONTAL-OVERFLOW,exec,تحميل /app/submissions عند 1440px,scrollWidth<=clientWidth وصفحة غير فارغة,sw=1440 cw=1440 textLen=4793,PASS,
UI,UAT-P3-NAV-NO-HORIZONTAL-OVERFLOW,gov,تحميل /app عند 390px,scrollWidth<=clientWidth وصفحة غير فارغة,sw=390 cw=390 textLen=1662,PASS,
UI,UAT-P3-NAV-NO-HORIZONTAL-OVERFLOW,gov,تحميل /app عند 768px,scrollWidth<=clientWidth وصفحة غير فارغة,sw=768 cw=768 textLen=1662,PASS,
UI,UAT-P3-NAV-NO-HORIZONTAL-OVERFLOW,gov,تحميل /app عند 1440px,scrollWidth<=clientWidth وصفحة غير فارغة,sw=1440 cw=1440 textLen=1662,PASS,
UI,UAT-P3-NAV-NO-HORIZONTAL-OVERFLOW,gov,تحميل /app/employee/me عند 390px,scrollWidth<=clientWidth وصفحة غير فارغة,sw=390 cw=390 textLen=3569,PASS,
UI,UAT-P3-NAV-NO-HORIZONTAL-OVERFLOW,gov,تحميل /app/employee/me عند 768px,scrollWidth<=clientWidth وصفحة غير فارغة,sw=768 cw=768 textLen=3569,PASS,
UI,UAT-P3-NAV-NO-HORIZONTAL-OVERFLOW,gov,تحميل /app/employee/me عند 1440px,scrollWidth<=clientWidth وصفحة غير فارغة,sw=1440 cw=1440 textLen=3569,PASS,
UI,UAT-P3-NAV-NO-HORIZONTAL-OVERFLOW,gov,تحميل /app/my-reports عند 390px,scrollWidth<=clientWidth وصفحة غير فارغة,sw=390 cw=390 textLen=2676,PASS,
UI,UAT-P3-NAV-NO-HORIZONTAL-OVERFLOW,gov,تحميل /app/my-reports عند 768px,scrollWidth<=clientWidth وصفحة غير فارغة,sw=768 cw=768 textLen=2676,PASS,
UI,UAT-P3-NAV-NO-HORIZONTAL-OVERFLOW,gov,تحميل /app/my-reports عند 1440px,scrollWidth<=clientWidth وصفحة غير فارغة,sw=1440 cw=1440 textLen=2676,PASS,
UI,UAT-P3-NAV-NO-HORIZONTAL-OVERFLOW,gov,تحميل /app/performance عند 390px,scrollWidth<=clientWidth وصفحة غير فارغة,sw=390 cw=390 textLen=1674,PASS,
UI,UAT-P3-NAV-NO-HORIZONTAL-OVERFLOW,gov,تحميل /app/performance عند 768px,scrollWidth<=clientWidth وصفحة غير فارغة,sw=768 cw=768 textLen=1674,PASS,
UI,UAT-P3-NAV-NO-HORIZONTAL-OVERFLOW,gov,تحميل /app/performance عند 1440px,scrollWidth<=clientWidth وصفحة غير فارغة,sw=1440 cw=1440 textLen=1674,PASS,
UI,UAT-P3-NAV-NO-HORIZONTAL-OVERFLOW,gov,تحميل /app/governance عند 390px,scrollWidth<=clientWidth وصفحة غير فارغة,sw=390 cw=390 textLen=579,PASS,
UI,UAT-P3-NAV-NO-HORIZONTAL-OVERFLOW,gov,تحميل /app/governance عند 768px,scrollWidth<=clientWidth وصفحة غير فارغة,sw=768 cw=768 textLen=579,PASS,
UI,UAT-P3-NAV-NO-HORIZONTAL-OVERFLOW,gov,تحميل /app/governance عند 1440px,scrollWidth<=clientWidth وصفحة غير فارغة,sw=1440 cw=1440 textLen=579,PASS,
UI,UAT-P3-NAV-NO-HORIZONTAL-OVERFLOW,gov,تحميل /app/clients عند 390px,scrollWidth<=clientWidth وصفحة غير فارغة,sw=390 cw=390 textLen=1299,PASS,
UI,UAT-P3-NAV-NO-HORIZONTAL-OVERFLOW,gov,تحميل /app/clients عند 768px,scrollWidth<=clientWidth وصفحة غير فارغة,sw=768 cw=768 textLen=1299,PASS,
UI,UAT-P3-NAV-NO-HORIZONTAL-OVERFLOW,gov,تحميل /app/clients عند 1440px,scrollWidth<=clientWidth وصفحة غير فارغة,sw=1440 cw=1440 textLen=1299,PASS,
UI,UAT-P3-NAV-NO-HORIZONTAL-OVERFLOW,gov,تحميل /app/users عند 390px,scrollWidth<=clientWidth وصفحة غير فارغة,sw=390 cw=390 textLen=8514,PASS,
UI,UAT-P3-NAV-NO-HORIZONTAL-OVERFLOW,gov,تحميل /app/users عند 768px,scrollWidth<=clientWidth وصفحة غير فارغة,sw=768 cw=768 textLen=8514,PASS,
UI,UAT-P3-NAV-NO-HORIZONTAL-OVERFLOW,gov,تحميل /app/users عند 1440px,scrollWidth<=clientWidth وصفحة غير فارغة,sw=1440 cw=1440 textLen=8514,PASS,
UI,UAT-P3-NAV-NO-HORIZONTAL-OVERFLOW,gov,تحميل /app/reports عند 390px,scrollWidth<=clientWidth وصفحة غير فارغة,sw=390 cw=390 textLen=1806,PASS,
UI,UAT-P3-NAV-NO-HORIZONTAL-OVERFLOW,gov,تحميل /app/reports عند 768px,scrollWidth<=clientWidth وصفحة غير فارغة,sw=768 cw=768 textLen=1806,PASS,
UI,UAT-P3-NAV-NO-HORIZONTAL-OVERFLOW,gov,تحميل /app/reports عند 1440px,scrollWidth<=clientWidth وصفحة غير فارغة,sw=1440 cw=1440 textLen=1806,PASS,
UI,UAT-P3-NAV-NO-HORIZONTAL-OVERFLOW,gov,تحميل /app/compliance عند 390px,scrollWidth<=clientWidth وصفحة غير فارغة,sw=390 cw=390 textLen=2346,PASS,
UI,UAT-P3-NAV-NO-HORIZONTAL-OVERFLOW,gov,تحميل /app/compliance عند 768px,scrollWidth<=clientWidth وصفحة غير فارغة,sw=768 cw=768 textLen=2346,PASS,
UI,UAT-P3-NAV-NO-HORIZONTAL-OVERFLOW,gov,تحميل /app/compliance عند 1440px,scrollWidth<=clientWidth وصفحة غير فارغة,sw=1440 cw=1440 textLen=2346,PASS,
UI,UAT-P3-NAV-NO-HORIZONTAL-OVERFLOW,gov,تحميل /app/workflows عند 390px,scrollWidth<=clientWidth وصفحة غير فارغة,sw=390 cw=390 textLen=4985,PASS,
UI,UAT-P3-NAV-NO-HORIZONTAL-OVERFLOW,gov,تحميل /app/workflows عند 768px,scrollWidth<=clientWidth وصفحة غير فارغة,sw=768 cw=768 textLen=4985,PASS,
UI,UAT-P3-NAV-NO-HORIZONTAL-OVERFLOW,gov,تحميل /app/workflows عند 1440px,scrollWidth<=clientWidth وصفحة غير فارغة,sw=1440 cw=1440 textLen=4985,PASS,
UI,UAT-P3-NAV-NO-HORIZONTAL-OVERFLOW,hr,تحميل /app عند 390px,scrollWidth<=clientWidth وصفحة غير فارغة,sw=390 cw=390 textLen=1055,PASS,
UI,UAT-P3-NAV-NO-HORIZONTAL-OVERFLOW,hr,تحميل /app عند 768px,scrollWidth<=clientWidth وصفحة غير فارغة,sw=768 cw=768 textLen=1055,PASS,
UI,UAT-P3-NAV-NO-HORIZONTAL-OVERFLOW,hr,تحميل /app عند 1440px,scrollWidth<=clientWidth وصفحة غير فارغة,sw=1440 cw=1440 textLen=1055,PASS,
UI,UAT-P3-NAV-NO-HORIZONTAL-OVERFLOW,hr,تحميل /app/employee/me عند 390px,scrollWidth<=clientWidth وصفحة غير فارغة,sw=390 cw=390 textLen=3576,PASS,
UI,UAT-P3-NAV-NO-HORIZONTAL-OVERFLOW,hr,تحميل /app/employee/me عند 768px,scrollWidth<=clientWidth وصفحة غير فارغة,sw=768 cw=768 textLen=3576,PASS,
UI,UAT-P3-NAV-NO-HORIZONTAL-OVERFLOW,hr,تحميل /app/employee/me عند 1440px,scrollWidth<=clientWidth وصفحة غير فارغة,sw=1440 cw=1440 textLen=3576,PASS,
UI,UAT-P3-NAV-NO-HORIZONTAL-OVERFLOW,hr,تحميل /app/my-reports عند 390px,scrollWidth<=clientWidth وصفحة غير فارغة,sw=390 cw=390 textLen=2120,PASS,
UI,UAT-P3-NAV-NO-HORIZONTAL-OVERFLOW,hr,تحميل /app/my-reports عند 768px,scrollWidth<=clientWidth وصفحة غير فارغة,sw=768 cw=768 textLen=2120,PASS,
UI,UAT-P3-NAV-NO-HORIZONTAL-OVERFLOW,hr,تحميل /app/my-reports عند 1440px,scrollWidth<=clientWidth وصفحة غير فارغة,sw=1440 cw=1440 textLen=2120,PASS,
UI,UAT-P3-NAV-NO-HORIZONTAL-OVERFLOW,hr,تحميل /app/my-kpi عند 390px,scrollWidth<=clientWidth وصفحة غير فارغة,sw=390 cw=390 textLen=555,PASS,
UI,UAT-P3-NAV-NO-HORIZONTAL-OVERFLOW,hr,تحميل /app/my-kpi عند 768px,scrollWidth<=clientWidth وصفحة غير فارغة,sw=768 cw=768 textLen=555,PASS,
UI,UAT-P3-NAV-NO-HORIZONTAL-OVERFLOW,hr,تحميل /app/my-kpi عند 1440px,scrollWidth<=clientWidth وصفحة غير فارغة,sw=1440 cw=1440 textLen=555,PASS,
UI,UAT-P3-NAV-NO-HORIZONTAL-OVERFLOW,hr,تحميل /app/governance-workspace عند 390px,scrollWidth<=clientWidth وصفحة غير فارغة,sw=390 cw=390 textLen=1048,PASS,
UI,UAT-P3-NAV-NO-HORIZONTAL-OVERFLOW,hr,تحميل /app/governance-workspace عند 768px,scrollWidth<=clientWidth وصفحة غير فارغة,sw=768 cw=768 textLen=1048,PASS,
UI,UAT-P3-NAV-NO-HORIZONTAL-OVERFLOW,hr,تحميل /app/governance-workspace عند 1440px,scrollWidth<=clientWidth وصفحة غير فارغة,sw=1440 cw=1440 textLen=1048,PASS,
UI,UAT-P3-NAV-NO-HORIZONTAL-OVERFLOW,hr,تحميل /app/job-roles عند 390px,scrollWidth<=clientWidth وصفحة غير فارغة,sw=390 cw=390 textLen=713,PASS,
UI,UAT-P3-NAV-NO-HORIZONTAL-OVERFLOW,hr,تحميل /app/job-roles عند 768px,scrollWidth<=clientWidth وصفحة غير فارغة,sw=768 cw=768 textLen=713,PASS,
UI,UAT-P3-NAV-NO-HORIZONTAL-OVERFLOW,hr,تحميل /app/job-roles عند 1440px,scrollWidth<=clientWidth وصفحة غير فارغة,sw=1440 cw=1440 textLen=713,PASS,
UI,UAT-P3-NAV-NO-HORIZONTAL-OVERFLOW,hr,تحميل /app/hr-requests عند 390px,scrollWidth<=clientWidth وصفحة غير فارغة,sw=390 cw=390 textLen=871,PASS,
UI,UAT-P3-NAV-NO-HORIZONTAL-OVERFLOW,hr,تحميل /app/hr-requests عند 768px,scrollWidth<=clientWidth وصفحة غير فارغة,sw=768 cw=768 textLen=871,PASS,
UI,UAT-P3-NAV-NO-HORIZONTAL-OVERFLOW,hr,تحميل /app/hr-requests عند 1440px,scrollWidth<=clientWidth وصفحة غير فارغة,sw=1440 cw=1440 textLen=871,PASS,
UI,UAT-P3-NAV-NO-HORIZONTAL-OVERFLOW,hr,تحميل /app/hr-employees عند 390px,scrollWidth<=clientWidth وصفحة غير فارغة,sw=390 cw=390 textLen=4950,PASS,
UI,UAT-P3-NAV-NO-HORIZONTAL-OVERFLOW,hr,تحميل /app/hr-employees عند 768px,scrollWidth<=clientWidth وصفحة غير فارغة,sw=768 cw=768 textLen=4950,PASS,
UI,UAT-P3-NAV-NO-HORIZONTAL-OVERFLOW,hr,تحميل /app/hr-employees عند 1440px,scrollWidth<=clientWidth وصفحة غير فارغة,sw=1440 cw=1440 textLen=4950,PASS,
UI,UAT-P3-NAV-NO-HORIZONTAL-OVERFLOW,hr,تحميل /app/leave-requests عند 390px,scrollWidth<=clientWidth وصفحة غير فارغة,sw=390 cw=390 textLen=767,PASS,
UI,UAT-P3-NAV-NO-HORIZONTAL-OVERFLOW,hr,تحميل /app/leave-requests عند 768px,scrollWidth<=clientWidth وصفحة غير فارغة,sw=768 cw=768 textLen=767,PASS,
UI,UAT-P3-NAV-NO-HORIZONTAL-OVERFLOW,hr,تحميل /app/leave-requests عند 1440px,scrollWidth<=clientWidth وصفحة غير فارغة,sw=1440 cw=1440 textLen=767,PASS,
UI,UAT-P3-NAV-NO-HORIZONTAL-OVERFLOW,hr,تحميل /app/balance-management عند 390px,scrollWidth<=clientWidth وصفحة غير فارغة,sw=390 cw=390 textLen=2672,PASS,
UI,UAT-P3-NAV-NO-HORIZONTAL-OVERFLOW,hr,تحميل /app/balance-management عند 768px,scrollWidth<=clientWidth وصفحة غير فارغة,sw=768 cw=768 textLen=2672,PASS,
UI,UAT-P3-NAV-NO-HORIZONTAL-OVERFLOW,hr,تحميل /app/balance-management عند 1440px,scrollWidth<=clientWidth وصفحة غير فارغة,sw=1440 cw=1440 textLen=2672,PASS,
UI,UAT-P3-NAV-NO-HORIZONTAL-OVERFLOW,hr,تحميل /app/compliance عند 390px,scrollWidth<=clientWidth وصفحة غير فارغة,sw=390 cw=390 textLen=1473,PASS,
UI,UAT-P3-NAV-NO-HORIZONTAL-OVERFLOW,hr,تحميل /app/compliance عند 768px,scrollWidth<=clientWidth وصفحة غير فارغة,sw=768 cw=768 textLen=1473,PASS,
UI,UAT-P3-NAV-NO-HORIZONTAL-OVERFLOW,hr,تحميل /app/compliance عند 1440px,scrollWidth<=clientWidth وصفحة غير فارغة,sw=1440 cw=1440 textLen=1473,PASS,
UI,UAT-P3-NAV-NO-HORIZONTAL-OVERFLOW,mgrA,تحميل /app عند 390px,scrollWidth<=clientWidth وصفحة غير فارغة,sw=390 cw=390 textLen=2338,PASS,
UI,UAT-P3-NAV-NO-HORIZONTAL-OVERFLOW,mgrA,تحميل /app عند 768px,scrollWidth<=clientWidth وصفحة غير فارغة,sw=768 cw=768 textLen=2338,PASS,
UI,UAT-P3-NAV-NO-HORIZONTAL-OVERFLOW,mgrA,تحميل /app عند 1440px,scrollWidth<=clientWidth وصفحة غير فارغة,sw=1440 cw=1440 textLen=2338,PASS,
UI,UAT-P3-NAV-NO-HORIZONTAL-OVERFLOW,mgrA,تحميل /app/employee/me عند 390px,scrollWidth<=clientWidth وصفحة غير فارغة,sw=390 cw=390 textLen=3571,PASS,
UI,UAT-P3-NAV-NO-HORIZONTAL-OVERFLOW,mgrA,تحميل /app/employee/me عند 768px,scrollWidth<=clientWidth وصفحة غير فارغة,sw=768 cw=768 textLen=3571,PASS,
UI,UAT-P3-NAV-NO-HORIZONTAL-OVERFLOW,mgrA,تحميل /app/employee/me عند 1440px,scrollWidth<=clientWidth وصفحة غير فارغة,sw=1440 cw=1440 textLen=3571,PASS,
UI,UAT-P3-NAV-NO-HORIZONTAL-OVERFLOW,mgrA,تحميل /app/my-reports عند 390px,scrollWidth<=clientWidth وصفحة غير فارغة,sw=390 cw=390 textLen=2183,PASS,
UI,UAT-P3-NAV-NO-HORIZONTAL-OVERFLOW,mgrA,تحميل /app/my-reports عند 768px,scrollWidth<=clientWidth وصفحة غير فارغة,sw=768 cw=768 textLen=2183,PASS,
UI,UAT-P3-NAV-NO-HORIZONTAL-OVERFLOW,mgrA,تحميل /app/my-reports عند 1440px,scrollWidth<=clientWidth وصفحة غير فارغة,sw=1440 cw=1440 textLen=2183,PASS,
UI,UAT-P3-NAV-NO-HORIZONTAL-OVERFLOW,mgrA,تحميل /app/performance عند 390px,scrollWidth<=clientWidth وصفحة غير فارغة,sw=390 cw=390 textLen=1483,PASS,
UI,UAT-P3-NAV-NO-HORIZONTAL-OVERFLOW,mgrA,تحميل /app/performance عند 768px,scrollWidth<=clientWidth وصفحة غير فارغة,sw=768 cw=768 textLen=1483,PASS,
UI,UAT-P3-NAV-NO-HORIZONTAL-OVERFLOW,mgrA,تحميل /app/performance عند 1440px,scrollWidth<=clientWidth وصفحة غير فارغة,sw=1440 cw=1440 textLen=1483,PASS,
UI,UAT-P3-NAV-NO-HORIZONTAL-OVERFLOW,mgrA,تحميل /app/governance-workspace عند 390px,scrollWidth<=clientWidth وصفحة غير فارغة,sw=390 cw=390 textLen=1021,PASS,
UI,UAT-P3-NAV-NO-HORIZONTAL-OVERFLOW,mgrA,تحميل /app/governance-workspace عند 768px,scrollWidth<=clientWidth وصفحة غير فارغة,sw=768 cw=768 textLen=1021,PASS,
UI,UAT-P3-NAV-NO-HORIZONTAL-OVERFLOW,mgrA,تحميل /app/governance-workspace عند 1440px,scrollWidth<=clientWidth وصفحة غير فارغة,sw=1440 cw=1440 textLen=1021,PASS,
UI,UAT-P3-NAV-NO-HORIZONTAL-OVERFLOW,mgrA,تحميل /app/clients عند 390px,scrollWidth<=clientWidth وصفحة غير فارغة,sw=390 cw=390 textLen=715,PASS,
UI,UAT-P3-NAV-NO-HORIZONTAL-OVERFLOW,mgrA,تحميل /app/clients عند 768px,scrollWidth<=clientWidth وصفحة غير فارغة,sw=768 cw=768 textLen=715,PASS,
UI,UAT-P3-NAV-NO-HORIZONTAL-OVERFLOW,mgrA,تحميل /app/clients عند 1440px,scrollWidth<=clientWidth وصفحة غير فارغة,sw=1440 cw=1440 textLen=715,PASS,
UI,UAT-P3-NAV-NO-HORIZONTAL-OVERFLOW,mgrA,تحميل /app/reports عند 390px,scrollWidth<=clientWidth وصفحة غير فارغة,sw=390 cw=390 textLen=1122,PASS,
UI,UAT-P3-NAV-NO-HORIZONTAL-OVERFLOW,mgrA,تحميل /app/reports عند 768px,scrollWidth<=clientWidth وصفحة غير فارغة,sw=768 cw=768 textLen=1122,PASS,
UI,UAT-P3-NAV-NO-HORIZONTAL-OVERFLOW,mgrA,تحميل /app/reports عند 1440px,scrollWidth<=clientWidth وصفحة غير فارغة,sw=1440 cw=1440 textLen=1122,PASS,
UI,UAT-P3-NAV-NO-HORIZONTAL-OVERFLOW,mgrA,تحميل /app/compliance عند 390px,scrollWidth<=clientWidth وصفحة غير فارغة,sw=390 cw=390 textLen=1573,PASS,
UI,UAT-P3-NAV-NO-HORIZONTAL-OVERFLOW,mgrA,تحميل /app/compliance عند 768px,scrollWidth<=clientWidth وصفحة غير فارغة,sw=768 cw=768 textLen=1573,PASS,
UI,UAT-P3-NAV-NO-HORIZONTAL-OVERFLOW,mgrA,تحميل /app/compliance عند 1440px,scrollWidth<=clientWidth وصفحة غير فارغة,sw=1440 cw=1440 textLen=1573,PASS,
UI,UAT-P3-NAV-NO-HORIZONTAL-OVERFLOW,mgrA,تحميل /app/workflows عند 390px,scrollWidth<=clientWidth وصفحة غير فارغة,sw=390 cw=390 textLen=1120,PASS,
UI,UAT-P3-NAV-NO-HORIZONTAL-OVERFLOW,mgrA,تحميل /app/workflows عند 768px,scrollWidth<=clientWidth وصفحة غير فارغة,sw=768 cw=768 textLen=1120,PASS,
UI,UAT-P3-NAV-NO-HORIZONTAL-OVERFLOW,mgrA,تحميل /app/workflows عند 1440px,scrollWidth<=clientWidth وصفحة غير فارغة,sw=1440 cw=1440 textLen=1120,PASS,
UI,UAT-P3-NAV-NO-HORIZONTAL-OVERFLOW,mgrA,تحميل /app/submissions عند 390px,scrollWidth<=clientWidth وصفحة غير فارغة,sw=390 cw=390 textLen=1263,PASS,
UI,UAT-P3-NAV-NO-HORIZONTAL-OVERFLOW,mgrA,تحميل /app/submissions عند 768px,scrollWidth<=clientWidth وصفحة غير فارغة,sw=768 cw=768 textLen=1263,PASS,
UI,UAT-P3-NAV-NO-HORIZONTAL-OVERFLOW,mgrA,تحميل /app/submissions عند 1440px,scrollWidth<=clientWidth وصفحة غير فارغة,sw=1440 cw=1440 textLen=1263,PASS,
UI,UAT-P3-NAV-NO-HORIZONTAL-OVERFLOW,mgrB,تحميل /app عند 390px,scrollWidth<=clientWidth وصفحة غير فارغة,sw=390 cw=390 textLen=1856,PASS,
UI,UAT-P3-NAV-NO-HORIZONTAL-OVERFLOW,mgrB,تحميل /app عند 768px,scrollWidth<=clientWidth وصفحة غير فارغة,sw=768 cw=768 textLen=1856,PASS,
UI,UAT-P3-NAV-NO-HORIZONTAL-OVERFLOW,mgrB,تحميل /app عند 1440px,scrollWidth<=clientWidth وصفحة غير فارغة,sw=1440 cw=1440 textLen=1856,PASS,
UI,UAT-P3-NAV-NO-HORIZONTAL-OVERFLOW,mgrB,تحميل /app/employee/me عند 390px,scrollWidth<=clientWidth وصفحة غير فارغة,sw=390 cw=390 textLen=3567,PASS,
UI,UAT-P3-NAV-NO-HORIZONTAL-OVERFLOW,mgrB,تحميل /app/employee/me عند 768px,scrollWidth<=clientWidth وصفحة غير فارغة,sw=768 cw=768 textLen=3567,PASS,
UI,UAT-P3-NAV-NO-HORIZONTAL-OVERFLOW,mgrB,تحميل /app/employee/me عند 1440px,scrollWidth<=clientWidth وصفحة غير فارغة,sw=1440 cw=1440 textLen=3567,PASS,
UI,UAT-P3-NAV-NO-HORIZONTAL-OVERFLOW,mgrB,تحميل /app/my-reports عند 390px,scrollWidth<=clientWidth وصفحة غير فارغة,sw=390 cw=390 textLen=2181,PASS,
UI,UAT-P3-NAV-NO-HORIZONTAL-OVERFLOW,mgrB,تحميل /app/my-reports عند 768px,scrollWidth<=clientWidth وصفحة غير فارغة,sw=768 cw=768 textLen=2181,PASS,
UI,UAT-P3-NAV-NO-HORIZONTAL-OVERFLOW,mgrB,تحميل /app/my-reports عند 1440px,scrollWidth<=clientWidth وصفحة غير فارغة,sw=1440 cw=1440 textLen=2181,PASS,
UI,UAT-P3-NAV-NO-HORIZONTAL-OVERFLOW,mgrB,تحميل /app/performance عند 390px,scrollWidth<=clientWidth وصفحة غير فارغة,sw=390 cw=390 textLen=1353,PASS,
UI,UAT-P3-NAV-NO-HORIZONTAL-OVERFLOW,mgrB,تحميل /app/performance عند 768px,scrollWidth<=clientWidth وصفحة غير فارغة,sw=768 cw=768 textLen=1353,PASS,
UI,UAT-P3-NAV-NO-HORIZONTAL-OVERFLOW,mgrB,تحميل /app/performance عند 1440px,scrollWidth<=clientWidth وصفحة غير فارغة,sw=1440 cw=1440 textLen=1353,PASS,
UI,UAT-P3-NAV-NO-HORIZONTAL-OVERFLOW,mgrB,تحميل /app/governance-workspace عند 390px,scrollWidth<=clientWidth وصفحة غير فارغة,sw=390 cw=390 textLen=894,PASS,
UI,UAT-P3-NAV-NO-HORIZONTAL-OVERFLOW,mgrB,تحميل /app/governance-workspace عند 768px,scrollWidth<=clientWidth وصفحة غير فارغة,sw=768 cw=768 textLen=894,PASS,
UI,UAT-P3-NAV-NO-HORIZONTAL-OVERFLOW,mgrB,تحميل /app/governance-workspace عند 1440px,scrollWidth<=clientWidth وصفحة غير فارغة,sw=1440 cw=1440 textLen=894,PASS,
UI,UAT-P3-NAV-NO-HORIZONTAL-OVERFLOW,mgrB,تحميل /app/clients عند 390px,scrollWidth<=clientWidth وصفحة غير فارغة,sw=390 cw=390 textLen=713,PASS,
UI,UAT-P3-NAV-NO-HORIZONTAL-OVERFLOW,mgrB,تحميل /app/clients عند 768px,scrollWidth<=clientWidth وصفحة غير فارغة,sw=768 cw=768 textLen=713,PASS,
UI,UAT-P3-NAV-NO-HORIZONTAL-OVERFLOW,mgrB,تحميل /app/clients عند 1440px,scrollWidth<=clientWidth وصفحة غير فارغة,sw=1440 cw=1440 textLen=713,PASS,
UI,UAT-P3-NAV-NO-HORIZONTAL-OVERFLOW,mgrB,تحميل /app/reports عند 390px,scrollWidth<=clientWidth وصفحة غير فارغة,sw=390 cw=390 textLen=740,PASS,
UI,UAT-P3-NAV-NO-HORIZONTAL-OVERFLOW,mgrB,تحميل /app/reports عند 768px,scrollWidth<=clientWidth وصفحة غير فارغة,sw=768 cw=768 textLen=740,PASS,
UI,UAT-P3-NAV-NO-HORIZONTAL-OVERFLOW,mgrB,تحميل /app/reports عند 1440px,scrollWidth<=clientWidth وصفحة غير فارغة,sw=1440 cw=1440 textLen=740,PASS,
UI,UAT-P3-NAV-NO-HORIZONTAL-OVERFLOW,mgrB,تحميل /app/compliance عند 390px,scrollWidth<=clientWidth وصفحة غير فارغة,sw=390 cw=390 textLen=1536,PASS,
UI,UAT-P3-NAV-NO-HORIZONTAL-OVERFLOW,mgrB,تحميل /app/compliance عند 768px,scrollWidth<=clientWidth وصفحة غير فارغة,sw=768 cw=768 textLen=1536,PASS,
UI,UAT-P3-NAV-NO-HORIZONTAL-OVERFLOW,mgrB,تحميل /app/compliance عند 1440px,scrollWidth<=clientWidth وصفحة غير فارغة,sw=1440 cw=1440 textLen=1536,PASS,
UI,UAT-P3-NAV-NO-HORIZONTAL-OVERFLOW,mgrB,تحميل /app/submissions عند 390px,scrollWidth<=clientWidth وصفحة غير فارغة,sw=390 cw=390 textLen=1095,PASS,
UI,UAT-P3-NAV-NO-HORIZONTAL-OVERFLOW,mgrB,تحميل /app/submissions عند 768px,scrollWidth<=clientWidth وصفحة غير فارغة,sw=768 cw=768 textLen=1095,PASS,
UI,UAT-P3-NAV-NO-HORIZONTAL-OVERFLOW,mgrB,تحميل /app/submissions عند 1440px,scrollWidth<=clientWidth وصفحة غير فارغة,sw=1440 cw=1440 textLen=1095,PASS,
UI,UAT-P3-NAV-NO-HORIZONTAL-OVERFLOW,leadA1,تحميل /app عند 390px,scrollWidth<=clientWidth وصفحة غير فارغة,sw=390 cw=390 textLen=2125,PASS,
UI,UAT-P3-NAV-NO-HORIZONTAL-OVERFLOW,leadA1,تحميل /app عند 768px,scrollWidth<=clientWidth وصفحة غير فارغة,sw=768 cw=768 textLen=2125,PASS,
UI,UAT-P3-NAV-NO-HORIZONTAL-OVERFLOW,leadA1,تحميل /app عند 1440px,scrollWidth<=clientWidth وصفحة غير فارغة,sw=1440 cw=1440 textLen=2125,PASS,
UI,UAT-P3-NAV-NO-HORIZONTAL-OVERFLOW,leadA1,تحميل /app/employee/me عند 390px,scrollWidth<=clientWidth وصفحة غير فارغة,sw=390 cw=390 textLen=3608,PASS,
UI,UAT-P3-NAV-NO-HORIZONTAL-OVERFLOW,leadA1,تحميل /app/employee/me عند 768px,scrollWidth<=clientWidth وصفحة غير فارغة,sw=768 cw=768 textLen=3608,PASS,
UI,UAT-P3-NAV-NO-HORIZONTAL-OVERFLOW,leadA1,تحميل /app/employee/me عند 1440px,scrollWidth<=clientWidth وصفحة غير فارغة,sw=1440 cw=1440 textLen=3608,PASS,
UI,UAT-P3-NAV-NO-HORIZONTAL-OVERFLOW,leadA1,تحميل /app/my-reports عند 390px,scrollWidth<=clientWidth وصفحة غير فارغة,sw=390 cw=390 textLen=2198,PASS,
UI,UAT-P3-NAV-NO-HORIZONTAL-OVERFLOW,leadA1,تحميل /app/my-reports عند 768px,scrollWidth<=clientWidth وصفحة غير فارغة,sw=768 cw=768 textLen=2198,PASS,
UI,UAT-P3-NAV-NO-HORIZONTAL-OVERFLOW,leadA1,تحميل /app/my-reports عند 1440px,scrollWidth<=clientWidth وصفحة غير فارغة,sw=1440 cw=1440 textLen=2198,PASS,
UI,UAT-P3-NAV-NO-HORIZONTAL-OVERFLOW,leadA1,تحميل /app/performance عند 390px,scrollWidth<=clientWidth وصفحة غير فارغة,sw=390 cw=390 textLen=1412,PASS,
UI,UAT-P3-NAV-NO-HORIZONTAL-OVERFLOW,leadA1,تحميل /app/performance عند 768px,scrollWidth<=clientWidth وصفحة غير فارغة,sw=768 cw=768 textLen=1412,PASS,
UI,UAT-P3-NAV-NO-HORIZONTAL-OVERFLOW,leadA1,تحميل /app/performance عند 1440px,scrollWidth<=clientWidth وصفحة غير فارغة,sw=1440 cw=1440 textLen=1412,PASS,
UI,UAT-P3-NAV-NO-HORIZONTAL-OVERFLOW,leadA1,تحميل /app/governance-workspace عند 390px,scrollWidth<=clientWidth وصفحة غير فارغة,sw=390 cw=390 textLen=936,PASS,
UI,UAT-P3-NAV-NO-HORIZONTAL-OVERFLOW,leadA1,تحميل /app/governance-workspace عند 768px,scrollWidth<=clientWidth وصفحة غير فارغة,sw=768 cw=768 textLen=936,PASS,
UI,UAT-P3-NAV-NO-HORIZONTAL-OVERFLOW,leadA1,تحميل /app/governance-workspace عند 1440px,scrollWidth<=clientWidth وصفحة غير فارغة,sw=1440 cw=1440 textLen=936,PASS,
UI,UAT-P3-NAV-NO-HORIZONTAL-OVERFLOW,leadA1,تحميل /app/clients عند 390px,scrollWidth<=clientWidth وصفحة غير فارغة,sw=390 cw=390 textLen=705,PASS,
UI,UAT-P3-NAV-NO-HORIZONTAL-OVERFLOW,leadA1,تحميل /app/clients عند 768px,scrollWidth<=clientWidth وصفحة غير فارغة,sw=768 cw=768 textLen=705,PASS,
UI,UAT-P3-NAV-NO-HORIZONTAL-OVERFLOW,leadA1,تحميل /app/clients عند 1440px,scrollWidth<=clientWidth وصفحة غير فارغة,sw=1440 cw=1440 textLen=705,PASS,
UI,UAT-P3-NAV-NO-HORIZONTAL-OVERFLOW,leadA1,تحميل /app/submissions عند 390px,scrollWidth<=clientWidth وصفحة غير فارغة,sw=390 cw=390 textLen=1358,PASS,
UI,UAT-P3-NAV-NO-HORIZONTAL-OVERFLOW,leadA1,تحميل /app/submissions عند 768px,scrollWidth<=clientWidth وصفحة غير فارغة,sw=768 cw=768 textLen=1358,PASS,
UI,UAT-P3-NAV-NO-HORIZONTAL-OVERFLOW,leadA1,تحميل /app/submissions عند 1440px,scrollWidth<=clientWidth وصفحة غير فارغة,sw=1440 cw=1440 textLen=1358,PASS,
UI,UAT-P3-NAV-NO-HORIZONTAL-OVERFLOW,leadA1,تحميل /app/compliance عند 390px,scrollWidth<=clientWidth وصفحة غير فارغة,sw=390 cw=390 textLen=1560,PASS,
UI,UAT-P3-NAV-NO-HORIZONTAL-OVERFLOW,leadA1,تحميل /app/compliance عند 768px,scrollWidth<=clientWidth وصفحة غير فارغة,sw=768 cw=768 textLen=1560,PASS,
UI,UAT-P3-NAV-NO-HORIZONTAL-OVERFLOW,leadA1,تحميل /app/compliance عند 1440px,scrollWidth<=clientWidth وصفحة غير فارغة,sw=1440 cw=1440 textLen=1560,PASS,
UI,UAT-P3-NAV-NO-HORIZONTAL-OVERFLOW,leadA1,تحميل /app/workflows عند 390px,scrollWidth<=clientWidth وصفحة غير فارغة,sw=390 cw=390 textLen=960,PASS,
UI,UAT-P3-NAV-NO-HORIZONTAL-OVERFLOW,leadA1,تحميل /app/workflows عند 768px,scrollWidth<=clientWidth وصفحة غير فارغة,sw=768 cw=768 textLen=960,PASS,
UI,UAT-P3-NAV-NO-HORIZONTAL-OVERFLOW,leadA1,تحميل /app/workflows عند 1440px,scrollWidth<=clientWidth وصفحة غير فارغة,sw=1440 cw=1440 textLen=960,PASS,
UI,UAT-P3-NAV-NO-HORIZONTAL-OVERFLOW,leadA1,تحميل /app/governance عند 390px,scrollWidth<=clientWidth وصفحة غير فارغة,sw=390 cw=390 textLen=2125,PASS,
UI,UAT-P3-NAV-NO-HORIZONTAL-OVERFLOW,leadA1,تحميل /app/governance عند 768px,scrollWidth<=clientWidth وصفحة غير فارغة,sw=768 cw=768 textLen=2125,PASS,
UI,UAT-P3-NAV-NO-HORIZONTAL-OVERFLOW,leadA1,تحميل /app/governance عند 1440px,scrollWidth<=clientWidth وصفحة غير فارغة,sw=1440 cw=1440 textLen=2125,PASS,
UI,UAT-P3-NAV-NO-HORIZONTAL-OVERFLOW,leadA2,تحميل /app عند 390px,scrollWidth<=clientWidth وصفحة غير فارغة,sw=390 cw=390 textLen=1899,PASS,
UI,UAT-P3-NAV-NO-HORIZONTAL-OVERFLOW,leadA2,تحميل /app عند 768px,scrollWidth<=clientWidth وصفحة غير فارغة,sw=768 cw=768 textLen=1899,PASS,
UI,UAT-P3-NAV-NO-HORIZONTAL-OVERFLOW,leadA2,تحميل /app عند 1440px,scrollWidth<=clientWidth وصفحة غير فارغة,sw=1440 cw=1440 textLen=1899,PASS,
UI,UAT-P3-NAV-NO-HORIZONTAL-OVERFLOW,leadA2,تحميل /app/employee/me عند 390px,scrollWidth<=clientWidth وصفحة غير فارغة,sw=390 cw=390 textLen=3605,PASS,
UI,UAT-P3-NAV-NO-HORIZONTAL-OVERFLOW,leadA2,تحميل /app/employee/me عند 768px,scrollWidth<=clientWidth وصفحة غير فارغة,sw=768 cw=768 textLen=3605,PASS,
UI,UAT-P3-NAV-NO-HORIZONTAL-OVERFLOW,leadA2,تحميل /app/employee/me عند 1440px,scrollWidth<=clientWidth وصفحة غير فارغة,sw=1440 cw=1440 textLen=3605,PASS,
UI,UAT-P3-NAV-NO-HORIZONTAL-OVERFLOW,leadA2,تحميل /app/my-reports عند 390px,scrollWidth<=clientWidth وصفحة غير فارغة,sw=390 cw=390 textLen=2195,PASS,
UI,UAT-P3-NAV-NO-HORIZONTAL-OVERFLOW,leadA2,تحميل /app/my-reports عند 768px,scrollWidth<=clientWidth وصفحة غير فارغة,sw=768 cw=768 textLen=2195,PASS,
UI,UAT-P3-NAV-NO-HORIZONTAL-OVERFLOW,leadA2,تحميل /app/my-reports عند 1440px,scrollWidth<=clientWidth وصفحة غير فارغة,sw=1440 cw=1440 textLen=2195,PASS,
UI,UAT-P3-NAV-NO-HORIZONTAL-OVERFLOW,leadA2,تحميل /app/performance عند 390px,scrollWidth<=clientWidth وصفحة غير فارغة,sw=390 cw=390 textLen=1409,PASS,
UI,UAT-P3-NAV-NO-HORIZONTAL-OVERFLOW,leadA2,تحميل /app/performance عند 768px,scrollWidth<=clientWidth وصفحة غير فارغة,sw=768 cw=768 textLen=1409,PASS,
UI,UAT-P3-NAV-NO-HORIZONTAL-OVERFLOW,leadA2,تحميل /app/performance عند 1440px,scrollWidth<=clientWidth وصفحة غير فارغة,sw=1440 cw=1440 textLen=1409,PASS,
UI,UAT-P3-NAV-NO-HORIZONTAL-OVERFLOW,leadA2,تحميل /app/governance-workspace عند 390px,scrollWidth<=clientWidth وصفحة غير فارغة,sw=390 cw=390 textLen=851,PASS,
UI,UAT-P3-NAV-NO-HORIZONTAL-OVERFLOW,leadA2,تحميل /app/governance-workspace عند 768px,scrollWidth<=clientWidth وصفحة غير فارغة,sw=768 cw=768 textLen=851,PASS,
UI,UAT-P3-NAV-NO-HORIZONTAL-OVERFLOW,leadA2,تحميل /app/governance-workspace عند 1440px,scrollWidth<=clientWidth وصفحة غير فارغة,sw=1440 cw=1440 textLen=851,PASS,
UI,UAT-P3-NAV-NO-HORIZONTAL-OVERFLOW,leadA2,تحميل /app/clients عند 390px,scrollWidth<=clientWidth وصفحة غير فارغة,sw=390 cw=390 textLen=702,PASS,
UI,UAT-P3-NAV-NO-HORIZONTAL-OVERFLOW,leadA2,تحميل /app/clients عند 768px,scrollWidth<=clientWidth وصفحة غير فارغة,sw=768 cw=768 textLen=702,PASS,
UI,UAT-P3-NAV-NO-HORIZONTAL-OVERFLOW,leadA2,تحميل /app/clients عند 1440px,scrollWidth<=clientWidth وصفحة غير فارغة,sw=1440 cw=1440 textLen=702,PASS,
UI,UAT-P3-NAV-NO-HORIZONTAL-OVERFLOW,leadA2,تحميل /app/submissions عند 390px,scrollWidth<=clientWidth وصفحة غير فارغة,sw=390 cw=390 textLen=1093,PASS,
UI,UAT-P3-NAV-NO-HORIZONTAL-OVERFLOW,leadA2,تحميل /app/submissions عند 768px,scrollWidth<=clientWidth وصفحة غير فارغة,sw=768 cw=768 textLen=1093,PASS,
UI,UAT-P3-NAV-NO-HORIZONTAL-OVERFLOW,leadA2,تحميل /app/submissions عند 1440px,scrollWidth<=clientWidth وصفحة غير فارغة,sw=1440 cw=1440 textLen=1093,PASS,
UI,UAT-P3-NAV-NO-HORIZONTAL-OVERFLOW,leadA2,تحميل /app/compliance عند 390px,scrollWidth<=clientWidth وصفحة غير فارغة,sw=390 cw=390 textLen=1557,PASS,
UI,UAT-P3-NAV-NO-HORIZONTAL-OVERFLOW,leadA2,تحميل /app/compliance عند 768px,scrollWidth<=clientWidth وصفحة غير فارغة,sw=768 cw=768 textLen=1557,PASS,
UI,UAT-P3-NAV-NO-HORIZONTAL-OVERFLOW,leadA2,تحميل /app/compliance عند 1440px,scrollWidth<=clientWidth وصفحة غير فارغة,sw=1440 cw=1440 textLen=1557,PASS,
UI,UAT-P3-NAV-NO-HORIZONTAL-OVERFLOW,leadA2,تحميل /app/governance عند 390px,scrollWidth<=clientWidth وصفحة غير فارغة,sw=390 cw=390 textLen=1899,PASS,
UI,UAT-P3-NAV-NO-HORIZONTAL-OVERFLOW,leadA2,تحميل /app/governance عند 768px,scrollWidth<=clientWidth وصفحة غير فارغة,sw=768 cw=768 textLen=1899,PASS,
UI,UAT-P3-NAV-NO-HORIZONTAL-OVERFLOW,leadA2,تحميل /app/governance عند 1440px,scrollWidth<=clientWidth وصفحة غير فارغة,sw=1440 cw=1440 textLen=1899,PASS,
UI,UAT-P3-NAV-NO-HORIZONTAL-OVERFLOW,multi,تحميل /app عند 390px,scrollWidth<=clientWidth وصفحة غير فارغة,sw=390 cw=390 textLen=1948,PASS,
UI,UAT-P3-NAV-NO-HORIZONTAL-OVERFLOW,multi,تحميل /app عند 768px,scrollWidth<=clientWidth وصفحة غير فارغة,sw=768 cw=768 textLen=1948,PASS,
UI,UAT-P3-NAV-NO-HORIZONTAL-OVERFLOW,multi,تحميل /app عند 1440px,scrollWidth<=clientWidth وصفحة غير فارغة,sw=1440 cw=1440 textLen=1948,PASS,
UI,UAT-P3-NAV-NO-HORIZONTAL-OVERFLOW,multi,تحميل /app/employee/me عند 390px,scrollWidth<=clientWidth وصفحة غير فارغة,sw=390 cw=390 textLen=3639,PASS,
UI,UAT-P3-NAV-NO-HORIZONTAL-OVERFLOW,multi,تحميل /app/employee/me عند 768px,scrollWidth<=clientWidth وصفحة غير فارغة,sw=768 cw=768 textLen=3639,PASS,
UI,UAT-P3-NAV-NO-HORIZONTAL-OVERFLOW,multi,تحميل /app/employee/me عند 1440px,scrollWidth<=clientWidth وصفحة غير فارغة,sw=1440 cw=1440 textLen=3639,PASS,
UI,UAT-P3-NAV-NO-HORIZONTAL-OVERFLOW,multi,تحميل /app/my-reports عند 390px,scrollWidth<=clientWidth وصفحة غير فارغة,sw=390 cw=390 textLen=2224,PASS,
UI,UAT-P3-NAV-NO-HORIZONTAL-OVERFLOW,multi,تحميل /app/my-reports عند 768px,scrollWidth<=clientWidth وصفحة غير فارغة,sw=768 cw=768 textLen=2224,PASS,
UI,UAT-P3-NAV-NO-HORIZONTAL-OVERFLOW,multi,تحميل /app/my-reports عند 1440px,scrollWidth<=clientWidth وصفحة غير فارغة,sw=1440 cw=1440 textLen=2224,PASS,
UI,UAT-P3-NAV-NO-HORIZONTAL-OVERFLOW,multi,تحميل /app/performance عند 390px,scrollWidth<=clientWidth وصفحة غير فارغة,sw=390 cw=390 textLen=1465,PASS,
UI,UAT-P3-NAV-NO-HORIZONTAL-OVERFLOW,multi,تحميل /app/performance عند 768px,scrollWidth<=clientWidth وصفحة غير فارغة,sw=768 cw=768 textLen=1465,PASS,
UI,UAT-P3-NAV-NO-HORIZONTAL-OVERFLOW,multi,تحميل /app/performance عند 1440px,scrollWidth<=clientWidth وصفحة غير فارغة,sw=1440 cw=1440 textLen=1465,PASS,
UI,UAT-P3-NAV-NO-HORIZONTAL-OVERFLOW,multi,تحميل /app/governance-workspace عند 390px,scrollWidth<=clientWidth وصفحة غير فارغة,sw=390 cw=390 textLen=1077,PASS,
UI,UAT-P3-NAV-NO-HORIZONTAL-OVERFLOW,multi,تحميل /app/governance-workspace عند 768px,scrollWidth<=clientWidth وصفحة غير فارغة,sw=768 cw=768 textLen=1077,PASS,
UI,UAT-P3-NAV-NO-HORIZONTAL-OVERFLOW,multi,تحميل /app/governance-workspace عند 1440px,scrollWidth<=clientWidth وصفحة غير فارغة,sw=1440 cw=1440 textLen=1077,PASS,
UI,UAT-P3-NAV-NO-HORIZONTAL-OVERFLOW,multi,تحميل /app/clients عند 390px,scrollWidth<=clientWidth وصفحة غير فارغة,sw=390 cw=390 textLen=731,PASS,
UI,UAT-P3-NAV-NO-HORIZONTAL-OVERFLOW,multi,تحميل /app/clients عند 768px,scrollWidth<=clientWidth وصفحة غير فارغة,sw=768 cw=768 textLen=731,PASS,
UI,UAT-P3-NAV-NO-HORIZONTAL-OVERFLOW,multi,تحميل /app/clients عند 1440px,scrollWidth<=clientWidth وصفحة غير فارغة,sw=1440 cw=1440 textLen=731,PASS,
UI,UAT-P3-NAV-NO-HORIZONTAL-OVERFLOW,multi,تحميل /app/job-roles عند 390px,scrollWidth<=clientWidth وصفحة غير فارغة,sw=390 cw=390 textLen=743,PASS,
UI,UAT-P3-NAV-NO-HORIZONTAL-OVERFLOW,multi,تحميل /app/job-roles عند 768px,scrollWidth<=clientWidth وصفحة غير فارغة,sw=768 cw=768 textLen=743,PASS,
UI,UAT-P3-NAV-NO-HORIZONTAL-OVERFLOW,multi,تحميل /app/job-roles عند 1440px,scrollWidth<=clientWidth وصفحة غير فارغة,sw=1440 cw=1440 textLen=743,PASS,
UI,UAT-P3-NAV-NO-HORIZONTAL-OVERFLOW,multi,تحميل /app/submissions عند 390px,scrollWidth<=clientWidth وصفحة غير فارغة,sw=390 cw=390 textLen=1123,PASS,
UI,UAT-P3-NAV-NO-HORIZONTAL-OVERFLOW,multi,تحميل /app/submissions عند 768px,scrollWidth<=clientWidth وصفحة غير فارغة,sw=768 cw=768 textLen=1123,PASS,
UI,UAT-P3-NAV-NO-HORIZONTAL-OVERFLOW,multi,تحميل /app/submissions عند 1440px,scrollWidth<=clientWidth وصفحة غير فارغة,sw=1440 cw=1440 textLen=1123,PASS,
UI,UAT-P3-NAV-NO-HORIZONTAL-OVERFLOW,multi,تحميل /app/compliance عند 390px,scrollWidth<=clientWidth وصفحة غير فارغة,sw=390 cw=390 textLen=1586,PASS,
UI,UAT-P3-NAV-NO-HORIZONTAL-OVERFLOW,multi,تحميل /app/compliance عند 768px,scrollWidth<=clientWidth وصفحة غير فارغة,sw=768 cw=768 textLen=1586,PASS,
UI,UAT-P3-NAV-NO-HORIZONTAL-OVERFLOW,multi,تحميل /app/compliance عند 1440px,scrollWidth<=clientWidth وصفحة غير فارغة,sw=1440 cw=1440 textLen=1586,PASS,
UI,UAT-P3-NAV-NO-HORIZONTAL-OVERFLOW,multi,تحميل /app/governance عند 390px,scrollWidth<=clientWidth وصفحة غير فارغة,sw=390 cw=390 textLen=1948,PASS,
UI,UAT-P3-NAV-NO-HORIZONTAL-OVERFLOW,multi,تحميل /app/governance عند 768px,scrollWidth<=clientWidth وصفحة غير فارغة,sw=768 cw=768 textLen=1948,PASS,
UI,UAT-P3-NAV-NO-HORIZONTAL-OVERFLOW,multi,تحميل /app/governance عند 1440px,scrollWidth<=clientWidth وصفحة غير فارغة,sw=1440 cw=1440 textLen=1948,PASS,
UI,UAT-P3-NAV-NO-HORIZONTAL-OVERFLOW,empFull,تحميل /app عند 390px,scrollWidth<=clientWidth وصفحة غير فارغة,sw=390 cw=390 textLen=964,PASS,
UI,UAT-P3-NAV-NO-HORIZONTAL-OVERFLOW,empFull,تحميل /app عند 768px,scrollWidth<=clientWidth وصفحة غير فارغة,sw=768 cw=768 textLen=964,PASS,
UI,UAT-P3-NAV-NO-HORIZONTAL-OVERFLOW,empFull,تحميل /app عند 1440px,scrollWidth<=clientWidth وصفحة غير فارغة,sw=1440 cw=1440 textLen=964,PASS,
UI,UAT-P3-NAV-NO-HORIZONTAL-OVERFLOW,empFull,تحميل /app/employee/me عند 390px,scrollWidth<=clientWidth وصفحة غير فارغة,sw=390 cw=390 textLen=7054,PASS,
UI,UAT-P3-NAV-NO-HORIZONTAL-OVERFLOW,empFull,تحميل /app/employee/me عند 768px,scrollWidth<=clientWidth وصفحة غير فارغة,sw=768 cw=768 textLen=7054,PASS,
UI,UAT-P3-NAV-NO-HORIZONTAL-OVERFLOW,empFull,تحميل /app/employee/me عند 1440px,scrollWidth<=clientWidth وصفحة غير فارغة,sw=1440 cw=1440 textLen=7054,PASS,
UI,UAT-P3-NAV-NO-HORIZONTAL-OVERFLOW,empFull,تحميل /app/my-reports عند 390px,scrollWidth<=clientWidth وصفحة غير فارغة,sw=390 cw=390 textLen=2174,PASS,
UI,UAT-P3-NAV-NO-HORIZONTAL-OVERFLOW,empFull,تحميل /app/my-reports عند 768px,scrollWidth<=clientWidth وصفحة غير فارغة,sw=768 cw=768 textLen=2174,PASS,
UI,UAT-P3-NAV-NO-HORIZONTAL-OVERFLOW,empFull,تحميل /app/my-reports عند 1440px,scrollWidth<=clientWidth وصفحة غير فارغة,sw=1440 cw=1440 textLen=2174,PASS,
UI,UAT-P3-NAV-NO-HORIZONTAL-OVERFLOW,empFull,تحميل /app/my-kpi عند 390px,scrollWidth<=clientWidth وصفحة غير فارغة,sw=390 cw=390 textLen=554,PASS,
UI,UAT-P3-NAV-NO-HORIZONTAL-OVERFLOW,empFull,تحميل /app/my-kpi عند 768px,scrollWidth<=clientWidth وصفحة غير فارغة,sw=768 cw=768 textLen=554,PASS,
UI,UAT-P3-NAV-NO-HORIZONTAL-OVERFLOW,empFull,تحميل /app/my-kpi عند 1440px,scrollWidth<=clientWidth وصفحة غير فارغة,sw=1440 cw=1440 textLen=554,PASS,
UI,UAT-P3-NAV-NO-HORIZONTAL-OVERFLOW,empFull,تحميل /app/governance/escalations عند 390px,scrollWidth<=clientWidth وصفحة غير فارغة,sw=390 cw=390 textLen=926,PASS,
UI,UAT-P3-NAV-NO-HORIZONTAL-OVERFLOW,empFull,تحميل /app/governance/escalations عند 768px,scrollWidth<=clientWidth وصفحة غير فارغة,sw=768 cw=768 textLen=926,PASS,
UI,UAT-P3-NAV-NO-HORIZONTAL-OVERFLOW,empFull,تحميل /app/governance/escalations عند 1440px,scrollWidth<=clientWidth وصفحة غير فارغة,sw=1440 cw=1440 textLen=926,PASS,
UI,UAT-P3-NAV-NO-HORIZONTAL-OVERFLOW,empFull,تحميل /app/submissions عند 390px,scrollWidth<=clientWidth وصفحة غير فارغة,sw=390 cw=390 textLen=2197,PASS,
UI,UAT-P3-NAV-NO-HORIZONTAL-OVERFLOW,empFull,تحميل /app/submissions عند 768px,scrollWidth<=clientWidth وصفحة غير فارغة,sw=768 cw=768 textLen=2197,PASS,
UI,UAT-P3-NAV-NO-HORIZONTAL-OVERFLOW,empFull,تحميل /app/submissions عند 1440px,scrollWidth<=clientWidth وصفحة غير فارغة,sw=1440 cw=1440 textLen=2197,PASS,
UI,UAT-P3-NAV-NO-HORIZONTAL-OVERFLOW,empFull,تحميل /app/development عند 390px,scrollWidth<=clientWidth وصفحة غير فارغة,sw=390 cw=390 textLen=406,PASS,
UI,UAT-P3-NAV-NO-HORIZONTAL-OVERFLOW,empFull,تحميل /app/development عند 768px,scrollWidth<=clientWidth وصفحة غير فارغة,sw=768 cw=768 textLen=406,PASS,
UI,UAT-P3-NAV-NO-HORIZONTAL-OVERFLOW,empFull,تحميل /app/development عند 1440px,scrollWidth<=clientWidth وصفحة غير فارغة,sw=1440 cw=1440 textLen=406,PASS,
UI,UAT-P3-NAV-NO-HORIZONTAL-OVERFLOW,empPart,تحميل /app عند 390px,scrollWidth<=clientWidth وصفحة غير فارغة,sw=390 cw=390 textLen=870,PASS,
UI,UAT-P3-NAV-NO-HORIZONTAL-OVERFLOW,empPart,تحميل /app عند 768px,scrollWidth<=clientWidth وصفحة غير فارغة,sw=768 cw=768 textLen=870,PASS,
UI,UAT-P3-NAV-NO-HORIZONTAL-OVERFLOW,empPart,تحميل /app عند 1440px,scrollWidth<=clientWidth وصفحة غير فارغة,sw=1440 cw=1440 textLen=870,PASS,
UI,UAT-P3-NAV-NO-HORIZONTAL-OVERFLOW,empPart,تحميل /app/employee/me عند 390px,scrollWidth<=clientWidth وصفحة غير فارغة,sw=390 cw=390 textLen=4129,PASS,
UI,UAT-P3-NAV-NO-HORIZONTAL-OVERFLOW,empPart,تحميل /app/employee/me عند 768px,scrollWidth<=clientWidth وصفحة غير فارغة,sw=768 cw=768 textLen=4129,PASS,
UI,UAT-P3-NAV-NO-HORIZONTAL-OVERFLOW,empPart,تحميل /app/employee/me عند 1440px,scrollWidth<=clientWidth وصفحة غير فارغة,sw=1440 cw=1440 textLen=4129,PASS,
UI,UAT-P3-NAV-NO-HORIZONTAL-OVERFLOW,empPart,تحميل /app/my-reports عند 390px,scrollWidth<=clientWidth وصفحة غير فارغة,sw=390 cw=390 textLen=2086,PASS,
UI,UAT-P3-NAV-NO-HORIZONTAL-OVERFLOW,empPart,تحميل /app/my-reports عند 768px,scrollWidth<=clientWidth وصفحة غير فارغة,sw=768 cw=768 textLen=2086,PASS,
UI,UAT-P3-NAV-NO-HORIZONTAL-OVERFLOW,empPart,تحميل /app/my-reports عند 1440px,scrollWidth<=clientWidth وصفحة غير فارغة,sw=1440 cw=1440 textLen=2086,PASS,
UI,UAT-P3-NAV-NO-HORIZONTAL-OVERFLOW,empPart,تحميل /app/my-kpi عند 390px,scrollWidth<=clientWidth وصفحة غير فارغة,sw=390 cw=390 textLen=547,PASS,
UI,UAT-P3-NAV-NO-HORIZONTAL-OVERFLOW,empPart,تحميل /app/my-kpi عند 768px,scrollWidth<=clientWidth وصفحة غير فارغة,sw=768 cw=768 textLen=547,PASS,
UI,UAT-P3-NAV-NO-HORIZONTAL-OVERFLOW,empPart,تحميل /app/my-kpi عند 1440px,scrollWidth<=clientWidth وصفحة غير فارغة,sw=1440 cw=1440 textLen=547,PASS,
UI,UAT-P3-NAV-NO-HORIZONTAL-OVERFLOW,empPart,تحميل /app/governance/escalations عند 390px,scrollWidth<=clientWidth وصفحة غير فارغة,sw=390 cw=390 textLen=922,PASS,
UI,UAT-P3-NAV-NO-HORIZONTAL-OVERFLOW,empPart,تحميل /app/governance/escalations عند 768px,scrollWidth<=clientWidth وصفحة غير فارغة,sw=768 cw=768 textLen=922,PASS,
UI,UAT-P3-NAV-NO-HORIZONTAL-OVERFLOW,empPart,تحميل /app/governance/escalations عند 1440px,scrollWidth<=clientWidth وصفحة غير فارغة,sw=1440 cw=1440 textLen=922,PASS,
UI,UAT-P3-NAV-NO-HORIZONTAL-OVERFLOW,empPart,تحميل /app/submissions عند 390px,scrollWidth<=clientWidth وصفحة غير فارغة,sw=390 cw=390 textLen=2109,PASS,
UI,UAT-P3-NAV-NO-HORIZONTAL-OVERFLOW,empPart,تحميل /app/submissions عند 768px,scrollWidth<=clientWidth وصفحة غير فارغة,sw=768 cw=768 textLen=2109,PASS,
UI,UAT-P3-NAV-NO-HORIZONTAL-OVERFLOW,empPart,تحميل /app/submissions عند 1440px,scrollWidth<=clientWidth وصفحة غير فارغة,sw=1440 cw=1440 textLen=2109,PASS,
UI,UAT-P3-NAV-NO-HORIZONTAL-OVERFLOW,empPart,تحميل /app/development عند 390px,scrollWidth<=clientWidth وصفحة غير فارغة,sw=390 cw=390 textLen=402,PASS,
UI,UAT-P3-NAV-NO-HORIZONTAL-OVERFLOW,empPart,تحميل /app/development عند 768px,scrollWidth<=clientWidth وصفحة غير فارغة,sw=768 cw=768 textLen=402,PASS,
UI,UAT-P3-NAV-NO-HORIZONTAL-OVERFLOW,empPart,تحميل /app/development عند 1440px,scrollWidth<=clientWidth وصفحة غير فارغة,sw=1440 cw=1440 textLen=402,PASS,
UI,UAT-P3-NAV-NO-HORIZONTAL-OVERFLOW,empNone,تحميل /app عند 390px,scrollWidth<=clientWidth وصفحة غير فارغة,sw=390 cw=390 textLen=867,PASS,
UI,UAT-P3-NAV-NO-HORIZONTAL-OVERFLOW,empNone,تحميل /app عند 768px,scrollWidth<=clientWidth وصفحة غير فارغة,sw=768 cw=768 textLen=867,PASS,
UI,UAT-P3-NAV-NO-HORIZONTAL-OVERFLOW,empNone,تحميل /app عند 1440px,scrollWidth<=clientWidth وصفحة غير فارغة,sw=1440 cw=1440 textLen=867,PASS,
UI,UAT-P3-NAV-NO-HORIZONTAL-OVERFLOW,empNone,تحميل /app/employee/me عند 390px,scrollWidth<=clientWidth وصفحة غير فارغة,sw=390 cw=390 textLen=4294,PASS,
UI,UAT-P3-NAV-NO-HORIZONTAL-OVERFLOW,empNone,تحميل /app/employee/me عند 768px,scrollWidth<=clientWidth وصفحة غير فارغة,sw=768 cw=768 textLen=4294,PASS,
UI,UAT-P3-NAV-NO-HORIZONTAL-OVERFLOW,empNone,تحميل /app/employee/me عند 1440px,scrollWidth<=clientWidth وصفحة غير فارغة,sw=1440 cw=1440 textLen=4294,PASS,
UI,UAT-P3-NAV-NO-HORIZONTAL-OVERFLOW,empNone,تحميل /app/my-reports عند 390px,scrollWidth<=clientWidth وصفحة غير فارغة,sw=390 cw=390 textLen=2085,PASS,
UI,UAT-P3-NAV-NO-HORIZONTAL-OVERFLOW,empNone,تحميل /app/my-reports عند 768px,scrollWidth<=clientWidth وصفحة غير فارغة,sw=768 cw=768 textLen=2085,PASS,
UI,UAT-P3-NAV-NO-HORIZONTAL-OVERFLOW,empNone,تحميل /app/my-reports عند 1440px,scrollWidth<=clientWidth وصفحة غير فارغة,sw=1440 cw=1440 textLen=2085,PASS,
UI,UAT-P3-NAV-NO-HORIZONTAL-OVERFLOW,empNone,تحميل /app/my-kpi عند 390px,scrollWidth<=clientWidth وصفحة غير فارغة,sw=390 cw=390 textLen=544,PASS,
UI,UAT-P3-NAV-NO-HORIZONTAL-OVERFLOW,empNone,تحميل /app/my-kpi عند 768px,scrollWidth<=clientWidth وصفحة غير فارغة,sw=768 cw=768 textLen=544,PASS,
UI,UAT-P3-NAV-NO-HORIZONTAL-OVERFLOW,empNone,تحميل /app/my-kpi عند 1440px,scrollWidth<=clientWidth وصفحة غير فارغة,sw=1440 cw=1440 textLen=544,PASS,
UI,UAT-P3-NAV-NO-HORIZONTAL-OVERFLOW,empNone,تحميل /app/governance/escalations عند 390px,scrollWidth<=clientWidth وصفحة غير فارغة,sw=390 cw=390 textLen=921,PASS,
UI,UAT-P3-NAV-NO-HORIZONTAL-OVERFLOW,empNone,تحميل /app/governance/escalations عند 768px,scrollWidth<=clientWidth وصفحة غير فارغة,sw=768 cw=768 textLen=921,PASS,
UI,UAT-P3-NAV-NO-HORIZONTAL-OVERFLOW,empNone,تحميل /app/governance/escalations عند 1440px,scrollWidth<=clientWidth وصفحة غير فارغة,sw=1440 cw=1440 textLen=921,PASS,
UI,UAT-P3-NAV-NO-HORIZONTAL-OVERFLOW,empNone,تحميل /app/submissions عند 390px,scrollWidth<=clientWidth وصفحة غير فارغة,sw=390 cw=390 textLen=2108,PASS,
UI,UAT-P3-NAV-NO-HORIZONTAL-OVERFLOW,empNone,تحميل /app/submissions عند 768px,scrollWidth<=clientWidth وصفحة غير فارغة,sw=768 cw=768 textLen=2108,PASS,
UI,UAT-P3-NAV-NO-HORIZONTAL-OVERFLOW,empNone,تحميل /app/submissions عند 1440px,scrollWidth<=clientWidth وصفحة غير فارغة,sw=1440 cw=1440 textLen=2108,PASS,
UI,UAT-P3-NAV-NO-HORIZONTAL-OVERFLOW,empNone,تحميل /app/development عند 390px,scrollWidth<=clientWidth وصفحة غير فارغة,sw=390 cw=390 textLen=401,PASS,
UI,UAT-P3-NAV-NO-HORIZONTAL-OVERFLOW,empNone,تحميل /app/development عند 768px,scrollWidth<=clientWidth وصفحة غير فارغة,sw=768 cw=768 textLen=401,PASS,
UI,UAT-P3-NAV-NO-HORIZONTAL-OVERFLOW,empNone,تحميل /app/development عند 1440px,scrollWidth<=clientWidth وصفحة غير فارغة,sw=1440 cw=1440 textLen=401,PASS,
UI,UAT-P3-NAV-NO-HORIZONTAL-OVERFLOW,outsider,تحميل /app عند 390px,scrollWidth<=clientWidth وصفحة غير فارغة,sw=390 cw=390 textLen=856,PASS,
UI,UAT-P3-NAV-NO-HORIZONTAL-OVERFLOW,outsider,تحميل /app عند 768px,scrollWidth<=clientWidth وصفحة غير فارغة,sw=768 cw=768 textLen=856,PASS,
UI,UAT-P3-NAV-NO-HORIZONTAL-OVERFLOW,outsider,تحميل /app عند 1440px,scrollWidth<=clientWidth وصفحة غير فارغة,sw=1440 cw=1440 textLen=856,PASS,
UI,UAT-P3-NAV-NO-HORIZONTAL-OVERFLOW,outsider,تحميل /app/employee/me عند 390px,scrollWidth<=clientWidth وصفحة غير فارغة,sw=390 cw=390 textLen=3557,PASS,
UI,UAT-P3-NAV-NO-HORIZONTAL-OVERFLOW,outsider,تحميل /app/employee/me عند 768px,scrollWidth<=clientWidth وصفحة غير فارغة,sw=768 cw=768 textLen=3557,PASS,
UI,UAT-P3-NAV-NO-HORIZONTAL-OVERFLOW,outsider,تحميل /app/employee/me عند 1440px,scrollWidth<=clientWidth وصفحة غير فارغة,sw=1440 cw=1440 textLen=3557,PASS,
UI,UAT-P3-NAV-NO-HORIZONTAL-OVERFLOW,outsider,تحميل /app/my-reports عند 390px,scrollWidth<=clientWidth وصفحة غير فارغة,sw=390 cw=390 textLen=2078,PASS,
UI,UAT-P3-NAV-NO-HORIZONTAL-OVERFLOW,outsider,تحميل /app/my-reports عند 768px,scrollWidth<=clientWidth وصفحة غير فارغة,sw=768 cw=768 textLen=2078,PASS,
UI,UAT-P3-NAV-NO-HORIZONTAL-OVERFLOW,outsider,تحميل /app/my-reports عند 1440px,scrollWidth<=clientWidth وصفحة غير فارغة,sw=1440 cw=1440 textLen=2078,PASS,
UI,UAT-P3-NAV-NO-HORIZONTAL-OVERFLOW,outsider,تحميل /app/my-kpi عند 390px,scrollWidth<=clientWidth وصفحة غير فارغة,sw=390 cw=390 textLen=519,PASS,
UI,UAT-P3-NAV-NO-HORIZONTAL-OVERFLOW,outsider,تحميل /app/my-kpi عند 768px,scrollWidth<=clientWidth وصفحة غير فارغة,sw=768 cw=768 textLen=519,PASS,
UI,UAT-P3-NAV-NO-HORIZONTAL-OVERFLOW,outsider,تحميل /app/my-kpi عند 1440px,scrollWidth<=clientWidth وصفحة غير فارغة,sw=1440 cw=1440 textLen=519,PASS,
UI,UAT-P3-NAV-NO-HORIZONTAL-OVERFLOW,outsider,تحميل /app/governance/escalations عند 390px,scrollWidth<=clientWidth وصفحة غير فارغة,sw=390 cw=390 textLen=914,PASS,
UI,UAT-P3-NAV-NO-HORIZONTAL-OVERFLOW,outsider,تحميل /app/governance/escalations عند 768px,scrollWidth<=clientWidth وصفحة غير فارغة,sw=768 cw=768 textLen=914,PASS,
UI,UAT-P3-NAV-NO-HORIZONTAL-OVERFLOW,outsider,تحميل /app/governance/escalations عند 1440px,scrollWidth<=clientWidth وصفحة غير فارغة,sw=1440 cw=1440 textLen=914,PASS,
UI,UAT-P3-NAV-NO-HORIZONTAL-OVERFLOW,outsider,تحميل /app/submissions عند 390px,scrollWidth<=clientWidth وصفحة غير فارغة,sw=390 cw=390 textLen=2101,PASS,
UI,UAT-P3-NAV-NO-HORIZONTAL-OVERFLOW,outsider,تحميل /app/submissions عند 768px,scrollWidth<=clientWidth وصفحة غير فارغة,sw=768 cw=768 textLen=2101,PASS,
UI,UAT-P3-NAV-NO-HORIZONTAL-OVERFLOW,outsider,تحميل /app/submissions عند 1440px,scrollWidth<=clientWidth وصفحة غير فارغة,sw=1440 cw=1440 textLen=2101,PASS,
UI,UAT-P3-NAV-NO-HORIZONTAL-OVERFLOW,outsider,تحميل /app/development عند 390px,scrollWidth<=clientWidth وصفحة غير فارغة,sw=390 cw=390 textLen=394,PASS,
UI,UAT-P3-NAV-NO-HORIZONTAL-OVERFLOW,outsider,تحميل /app/development عند 768px,scrollWidth<=clientWidth وصفحة غير فارغة,sw=768 cw=768 textLen=394,PASS,
UI,UAT-P3-NAV-NO-HORIZONTAL-OVERFLOW,outsider,تحميل /app/development عند 1440px,scrollWidth<=clientWidth وصفحة غير فارغة,sw=1440 cw=1440 textLen=394,PASS,
